mode: atomic
github.com/go-pkgx/bk/buildscript/buildscript.go:33.55,34.40 1 7
github.com/go-pkgx/bk/buildscript/buildscript.go:34.40,36.17 2 2
github.com/go-pkgx/bk/buildscript/buildscript.go:36.17,38.4 1 1
github.com/go-pkgx/bk/buildscript/buildscript.go:39.3,39.64 1 1
github.com/go-pkgx/bk/buildscript/buildscript.go:39.64,42.4 2 1
github.com/go-pkgx/bk/buildscript/buildscript.go:43.3,43.47 1 1
github.com/go-pkgx/bk/buildscript/buildscript.go:43.47,45.4 1 1
github.com/go-pkgx/bk/buildscript/buildscript.go:46.3,46.18 1 1
github.com/go-pkgx/bk/buildscript/buildscript.go:48.2,48.31 1 5
github.com/go-pkgx/bk/buildscript/buildscript.go:53.58,54.27 1 7
github.com/go-pkgx/bk/buildscript/buildscript.go:55.11,56.17 1 1
github.com/go-pkgx/bk/buildscript/buildscript.go:57.14,58.46 1 1
github.com/go-pkgx/bk/buildscript/buildscript.go:59.13,61.26 2 4
github.com/go-pkgx/bk/buildscript/buildscript.go:61.26,63.18 2 5
github.com/go-pkgx/bk/buildscript/buildscript.go:63.18,65.5 1 2
github.com/go-pkgx/bk/buildscript/buildscript.go:66.4,66.41 1 3
github.com/go-pkgx/bk/buildscript/buildscript.go:66.41,68.5 1 3
github.com/go-pkgx/bk/buildscript/buildscript.go:70.3,70.42 1 2
github.com/go-pkgx/bk/buildscript/buildscript.go:71.10,72.58 1 1
github.com/go-pkgx/bk/buildscript/buildscript.go:76.57,78.9 2 23
github.com/go-pkgx/bk/buildscript/buildscript.go:78.9,80.3 1 3
github.com/go-pkgx/bk/buildscript/buildscript.go:81.2,81.29 1 20
github.com/go-pkgx/bk/buildscript/buildscript.go:81.29,82.42 1 11
github.com/go-pkgx/bk/buildscript/buildscript.go:82.42,84.4 1 4
github.com/go-pkgx/bk/buildscript/buildscript.go:86.2,87.16 2 16
github.com/go-pkgx/bk/buildscript/buildscript.go:87.16,89.3 1 3
github.com/go-pkgx/bk/buildscript/buildscript.go:90.2,90.63 1 13
github.com/go-pkgx/bk/buildscript/buildscript.go:90.63,93.3 2 1
github.com/go-pkgx/bk/buildscript/buildscript.go:94.2,94.40 1 13
github.com/go-pkgx/bk/buildscript/buildscript.go:94.40,96.3 1 4
github.com/go-pkgx/bk/buildscript/buildscript.go:97.2,97.17 1 13
github.com/go-pkgx/bk/buildscript/buildscript.go:101.55,102.25 1 16
github.com/go-pkgx/bk/buildscript/buildscript.go:103.14,104.46 1 12
github.com/go-pkgx/bk/buildscript/buildscript.go:105.13,107.23 2 1
github.com/go-pkgx/bk/buildscript/buildscript.go:107.23,109.4 1 2
github.com/go-pkgx/bk/buildscript/buildscript.go:110.3,110.40 1 1
github.com/go-pkgx/bk/buildscript/buildscript.go:111.10,112.81 1 3
github.com/go-pkgx/bk/buildscript/buildscript.go:119.49,121.21 2 11
github.com/go-pkgx/bk/buildscript/buildscript.go:121.21,123.3 1 2
github.com/go-pkgx/bk/buildscript/buildscript.go:124.2,124.18 1 9
github.com/go-pkgx/bk/buildscript/buildscript.go:124.18,126.3 1 2
github.com/go-pkgx/bk/buildscript/buildscript.go:127.2,127.54 1 7
github.com/go-pkgx/bk/buildscript/buildscript.go:127.54,129.3 1 2
github.com/go-pkgx/bk/buildscript/buildscript.go:130.2,130.31 1 5
github.com/go-pkgx/bk/buildscript/buildscript.go:130.31,132.17 2 4
github.com/go-pkgx/bk/buildscript/buildscript.go:132.17,134.4 1 1
github.com/go-pkgx/bk/buildscript/buildscript.go:135.3,136.17 2 3
github.com/go-pkgx/bk/buildscript/buildscript.go:136.17,138.4 1 1
github.com/go-pkgx/bk/buildscript/buildscript.go:139.3,139.28 1 2
github.com/go-pkgx/bk/buildscript/buildscript.go:141.2,141.13 1 1
github.com/go-pkgx/bk/buildscript/buildscript.go:146.57,149.25 3 8
github.com/go-pkgx/bk/buildscript/buildscript.go:149.25,151.3 1 20
github.com/go-pkgx/bk/buildscript/buildscript.go:152.2,155.25 3 8
github.com/go-pkgx/bk/buildscript/buildscript.go:155.25,157.3 1 20
github.com/go-pkgx/bk/buildscript/buildscript.go:158.2,159.44 2 8
github.com/go-pkgx/bk/buildscript/buildscript.go:159.44,161.3 1 20
github.com/go-pkgx/bk/buildscript/buildscript.go:162.2,162.34 1 8
github.com/go-pkgx/bk/buildscript/buildscript.go:172.66,174.25 2 8
github.com/go-pkgx/bk/buildscript/buildscript.go:174.25,176.26 2 20
github.com/go-pkgx/bk/buildscript/buildscript.go:176.26,177.42 1 64
github.com/go-pkgx/bk/buildscript/buildscript.go:177.42,179.5 1 4
github.com/go-pkgx/bk/buildscript/buildscript.go:181.3,181.16 1 20
github.com/go-pkgx/bk/buildscript/buildscript.go:183.2,185.27 3 8
github.com/go-pkgx/bk/buildscript/buildscript.go:185.27,187.26 2 10
github.com/go-pkgx/bk/buildscript/buildscript.go:187.26,188.18 1 26
github.com/go-pkgx/bk/buildscript/buildscript.go:188.18,189.13 1 3
github.com/go-pkgx/bk/buildscript/buildscript.go:191.4,192.27 2 23
github.com/go-pkgx/bk/buildscript/buildscript.go:192.27,193.20 1 7
github.com/go-pkgx/bk/buildscript/buildscript.go:193.20,195.11 2 4
github.com/go-pkgx/bk/buildscript/buildscript.go:198.4,198.13 1 23
github.com/go-pkgx/bk/buildscript/buildscript.go:198.13,202.5 3 19
github.com/go-pkgx/bk/buildscript/buildscript.go:204.3,204.18 1 10
github.com/go-pkgx/bk/buildscript/buildscript.go:204.18,205.27 1 1
github.com/go-pkgx/bk/buildscript/buildscript.go:205.27,206.20 1 1
github.com/go-pkgx/bk/buildscript/buildscript.go:206.20,209.11 3 1
github.com/go-pkgx/bk/buildscript/buildscript.go:214.2,214.12 1 8
github.com/go-pkgx/bk/buildscript/buildscript.go:220.41,221.40 1 45
github.com/go-pkgx/bk/buildscript/buildscript.go:221.40,223.3 1 1
github.com/go-pkgx/bk/buildscript/buildscript.go:224.2,225.16 2 44
github.com/go-pkgx/bk/buildscript/buildscript.go:225.16,227.12 2 46
github.com/go-pkgx/bk/buildscript/buildscript.go:227.12,229.4 1 41
github.com/go-pkgx/bk/buildscript/buildscript.go:230.3,231.44 2 5
github.com/go-pkgx/bk/buildscript/buildscript.go:231.44,233.4 1 3
github.com/go-pkgx/bk/buildscript/buildscript.go:234.3,234.10 1 2
github.com/go-pkgx/bk/buildscript/buildscript.go:238.31,240.2 1 5
github.com/go-pkgx/bk/buildscript/buildscript.go:245.73,247.24 2 8
github.com/go-pkgx/bk/buildscript/buildscript.go:247.24,249.3 1 24
github.com/go-pkgx/bk/buildscript/buildscript.go:253.2,254.21 2 8
github.com/go-pkgx/bk/buildscript/buildscript.go:254.21,255.37 1 24
github.com/go-pkgx/bk/buildscript/buildscript.go:255.37,257.4 1 7
github.com/go-pkgx/bk/buildscript/buildscript.go:259.2,260.26 2 8
github.com/go-pkgx/bk/buildscript/buildscript.go:260.26,264.35 4 7
github.com/go-pkgx/bk/buildscript/buildscript.go:264.35,265.12 1 1
github.com/go-pkgx/bk/buildscript/buildscript.go:267.3,267.35 1 6
github.com/go-pkgx/bk/buildscript/buildscript.go:267.35,268.12 1 1
github.com/go-pkgx/bk/buildscript/buildscript.go:270.3,271.10 2 5
github.com/go-pkgx/bk/buildscript/buildscript.go:271.10,272.12 1 1
github.com/go-pkgx/bk/buildscript/buildscript.go:274.3,274.27 1 4
github.com/go-pkgx/bk/buildscript/buildscript.go:274.27,275.42 1 6
github.com/go-pkgx/bk/buildscript/buildscript.go:275.42,276.38 1 4
github.com/go-pkgx/bk/buildscript/buildscript.go:276.38,278.6 1 3
github.com/go-pkgx/bk/buildscript/buildscript.go:278.11,280.6 1 1
github.com/go-pkgx/bk/buildscript/buildscript.go:281.10,283.5 1 2
github.com/go-pkgx/bk/buildscript/buildscript.go:286.2,286.12 1 8
github.com/go-pkgx/bk/buildscript/buildscript.go:289.55,290.51 1 31
github.com/go-pkgx/bk/buildscript/buildscript.go:290.51,292.3 1 2
github.com/go-pkgx/bk/buildscript/buildscript.go:293.2,293.18 1 29
github.com/go-pkgx/bk/buildscript/buildscript.go:293.18,295.3 1 8
github.com/go-pkgx/bk/buildscript/buildscript.go:296.2,296.15 1 21
github.com/go-pkgx/bk/buildscript/buildscript.go:296.15,298.3 1 4
github.com/go-pkgx/bk/buildscript/buildscript.go:299.2,299.22 1 17
github.com/go-pkgx/bk/buildscript/buildscript.go:304.43,305.31 1 20
github.com/go-pkgx/bk/buildscript/buildscript.go:305.31,307.26 2 4
github.com/go-pkgx/bk/buildscript/buildscript.go:307.26,309.4 1 8
github.com/go-pkgx/bk/buildscript/buildscript.go:310.3,310.34 1 4
github.com/go-pkgx/bk/buildscript/buildscript.go:312.2,312.33 1 16
github.com/go-pkgx/bk/buildscript/buildscript.go:315.50,316.23 1 24
github.com/go-pkgx/bk/buildscript/buildscript.go:317.11,318.13 1 1
github.com/go-pkgx/bk/buildscript/buildscript.go:319.12,320.8 1 2
github.com/go-pkgx/bk/buildscript/buildscript.go:320.8,322.4 1 1
github.com/go-pkgx/bk/buildscript/buildscript.go:323.3,323.13 1 1
github.com/go-pkgx/bk/buildscript/buildscript.go:324.14,325.41 1 20
github.com/go-pkgx/bk/buildscript/buildscript.go:326.10,327.23 1 1
github.com/go-pkgx/bk/buildscript/buildscript.go:333.38,335.37 2 24
github.com/go-pkgx/bk/buildscript/buildscript.go:335.37,337.3 1 5
github.com/go-pkgx/bk/buildscript/buildscript.go:338.2,338.37 1 24
github.com/go-pkgx/bk/buildscript/buildscript.go:338.37,340.3 1 2
github.com/go-pkgx/bk/buildscript/buildscript.go:341.2,341.14 1 24
github.com/go-pkgx/bk/buildscript/buildscript.go:344.26,345.28 1 3
github.com/go-pkgx/bk/buildscript/buildscript.go:345.28,347.3 1 2
github.com/go-pkgx/bk/buildscript/buildscript.go:348.2,348.17 1 1
github.com/go-pkgx/bk/buildscript/buildscript.go:353.48,354.28 1 13
github.com/go-pkgx/bk/buildscript/buildscript.go:354.28,356.3 1 2
github.com/go-pkgx/bk/buildscript/buildscript.go:357.2,357.31 1 11
github.com/go-pkgx/bk/buildscript/buildscript.go:357.31,359.3 1 2
github.com/go-pkgx/bk/buildscript/buildscript.go:360.2,360.16 1 9
github.com/go-pkgx/bk/buildscript/buildscript.go:365.64,370.19 5 4
github.com/go-pkgx/bk/buildscript/buildscript.go:370.19,372.3 1 1
github.com/go-pkgx/bk/buildscript/buildscript.go:373.2,374.39 2 4
github.com/go-pkgx/bk/buildscript/buildscript.go:374.39,376.3 1 1
github.com/go-pkgx/bk/buildscript/buildscript.go:377.2,391.77 1 4
github.com/go-pkgx/bk/buildscript/buildscript.go:394.57,395.38 1 4
github.com/go-pkgx/bk/buildscript/buildscript.go:395.38,396.41 1 2
github.com/go-pkgx/bk/buildscript/buildscript.go:396.41,398.4 1 1
github.com/go-pkgx/bk/buildscript/buildscript.go:398.9,398.49 1 1
github.com/go-pkgx/bk/buildscript/buildscript.go:398.49,400.4 1 1
github.com/go-pkgx/bk/buildscript/buildscript.go:401.3,402.27 2 2
github.com/go-pkgx/bk/buildscript/buildscript.go:404.2,404.27 1 2
github.com/go-pkgx/bk/buildscript/libexec.go:62.63,65.72 3 8
github.com/go-pkgx/bk/buildscript/libexec.go:65.72,66.25 1 16
github.com/go-pkgx/bk/buildscript/libexec.go:66.25,67.12 1 4
github.com/go-pkgx/bk/buildscript/libexec.go:69.3,70.38 2 12
github.com/go-pkgx/bk/buildscript/libexec.go:70.38,72.4 1 48
github.com/go-pkgx/bk/buildscript/libexec.go:74.2,74.14 1 8
github.com/go-pkgx/bk/buildscript/libexec.go:79.54,80.25 1 9
github.com/go-pkgx/bk/buildscript/libexec.go:80.25,82.3 1 1
github.com/go-pkgx/bk/buildscript/libexec.go:83.2,83.14 1 8
github.com/go-pkgx/bk/buildscript/libexec.go:84.35,85.31 1 5
github.com/go-pkgx/bk/buildscript/libexec.go:86.26,87.37 1 1
github.com/go-pkgx/bk/buildscript/libexec.go:89.2,89.11 1 2
github.com/go-pkgx/bk/buildscript/libexec.go:93.86,94.42 1 7
github.com/go-pkgx/bk/buildscript/libexec.go:94.42,96.3 1 1
github.com/go-pkgx/bk/buildscript/libexec.go:97.2,97.15 1 6
github.com/go-pkgx/bk/buildscript/libexec.go:97.15,99.3 1 1
github.com/go-pkgx/bk/buildscript/libexec.go:100.2,101.16 2 5
github.com/go-pkgx/bk/buildscript/libexec.go:101.16,103.3 1 1
github.com/go-pkgx/bk/buildscript/libexec.go:104.2,104.64 1 4
github.com/go-pkgx/bk/buildscript/libexec.go:104.64,107.47 3 37
github.com/go-pkgx/bk/buildscript/libexec.go:107.47,109.4 1 1
github.com/go-pkgx/bk/buildscript/libexec.go:111.2,111.12 1 3
github.com/go-pkgx/bk/buildscript/libexec.go:114.37,115.45 1 11
github.com/go-pkgx/bk/buildscript/libexec.go:115.45,117.3 1 1
github.com/go-pkgx/bk/buildscript/libexec.go:118.2,119.16 2 10
github.com/go-pkgx/bk/buildscript/libexec.go:119.16,121.3 1 2
github.com/go-pkgx/bk/buildscript/libexec.go:122.2,122.26 1 8
github.com/go-pkgx/bk/buildscript/libexec.go:122.26,125.47 3 36
github.com/go-pkgx/bk/buildscript/libexec.go:125.47,127.4 1 1
github.com/go-pkgx/bk/buildscript/libexec.go:129.2,129.12 1 7
github.com/go-pkgx/bk/buildscript/wrapper.go:48.33,50.16 2 27
github.com/go-pkgx/bk/buildscript/wrapper.go:50.16,52.3 1 26
github.com/go-pkgx/bk/buildscript/wrapper.go:53.2,57.37 4 27
github.com/go-pkgx/bk/buildscript/wrapper.go:57.37,59.17 2 23
github.com/go-pkgx/bk/buildscript/wrapper.go:59.17,61.4 1 15
github.com/go-pkgx/bk/buildscript/wrapper.go:68.3,74.28 7 23
github.com/go-pkgx/bk/buildscript/wrapper.go:76.2,76.25 1 27
github.com/go-pkgx/bk/buildscript/wrapper.go:76.25,78.3 1 1
github.com/go-pkgx/bk/buildscript/wrapper.go:79.2,79.21 1 27
github.com/go-pkgx/bk/buildscript/wrapper.go:79.21,81.3 1 16
github.com/go-pkgx/bk/buildscript/wrapper.go:82.2,82.21 1 27
github.com/go-pkgx/bk/buildscript/wrapper.go:82.21,84.3 1 8
github.com/go-pkgx/bk/buildscript/wrapper.go:85.2,91.89 7 27
github.com/go-pkgx/bk/buildscript/wrapper.go:91.89,93.3 1 184
github.com/go-pkgx/bk/buildscript/wrapper.go:94.2,100.19 6 27
github.com/go-pkgx/bk/buildscript/wrapper.go:107.39,109.27 2 27
github.com/go-pkgx/bk/buildscript/wrapper.go:109.27,111.3 1 10
github.com/go-pkgx/bk/buildscript/wrapper.go:112.2,112.85 1 27
github.com/go-pkgx/bk/buildscript/wrapper.go:112.85,114.3 1 20
github.com/go-pkgx/bk/buildscript/wrapper.go:121.2,121.48 1 27
github.com/go-pkgx/bk/buildscript/wrapper.go:121.48,129.20 2 8
github.com/go-pkgx/bk/buildscript/wrapper.go:129.20,139.4 1 2
github.com/go-pkgx/bk/buildscript/wrapper.go:140.3,140.111 1 8
github.com/go-pkgx/bk/buildscript/wrapper.go:142.2,142.33 1 27
github.com/go-pkgx/bk/buildscript/wrapper.go:198.38,200.62 2 31
github.com/go-pkgx/bk/buildscript/wrapper.go:200.62,201.36 1 124
github.com/go-pkgx/bk/buildscript/wrapper.go:201.36,202.12 1 8
github.com/go-pkgx/bk/buildscript/wrapper.go:204.3,204.12 1 116
github.com/go-pkgx/bk/buildscript/wrapper.go:205.16,206.52 1 29
github.com/go-pkgx/bk/buildscript/wrapper.go:207.16,208.52 1 29
github.com/go-pkgx/bk/buildscript/wrapper.go:209.11,210.64 1 58
github.com/go-pkgx/bk/buildscript/wrapper.go:213.2,213.20 1 31
github.com/go-pkgx/bk/buildscript/wrapper.go:213.20,215.3 1 1
github.com/go-pkgx/bk/buildscript/wrapper.go:216.2,216.51 1 30
github.com/go-pkgx/bk/buildscript/wrapper.go:220.44,221.32 1 27
github.com/go-pkgx/bk/buildscript/wrapper.go:221.32,223.3 1 1
github.com/go-pkgx/bk/buildscript/wrapper.go:224.2,224.56 1 26
github.com/go-pkgx/bk/buildscript/wrapper.go:229.38,230.42 1 11
github.com/go-pkgx/bk/buildscript/wrapper.go:230.42,232.3 1 4
github.com/go-pkgx/bk/buildscript/wrapper.go:233.2,233.31 1 7
github.com/go-pkgx/bk/buildscript/wrapper.go:245.53,247.107 2 17
github.com/go-pkgx/bk/buildscript/wrapper.go:247.107,249.37 2 6
github.com/go-pkgx/bk/buildscript/wrapper.go:249.37,252.4 2 12
github.com/go-pkgx/bk/buildscript/wrapper.go:254.2,254.43 1 17
github.com/go-pkgx/bk/buildscript/wrapper.go:259.97,262.22 3 27
github.com/go-pkgx/bk/buildscript/wrapper.go:263.16,276.53 1 6
github.com/go-pkgx/bk/buildscript/wrapper.go:277.15,292.41 1 18
github.com/go-pkgx/bk/buildscript/wrapper.go:303.2,304.41 2 27
github.com/go-pkgx/bk/buildscript/wrapper.go:304.41,441.3 7 8
github.com/go-pkgx/bk/buildscript/wrapper.go:443.2,443.17 1 27
github.com/go-pkgx/bk/buildscript/wrapper.go:443.17,445.3 1 24
github.com/go-pkgx/bk/buildscript/wrapper.go:476.2,476.30 1 27
github.com/go-pkgx/bk/buildscript/wrapper.go:476.30,478.52 2 6
github.com/go-pkgx/bk/buildscript/wrapper.go:478.52,480.4 1 10
github.com/go-pkgx/bk/buildscript/wrapper.go:481.3,481.83 1 6
github.com/go-pkgx/bk/buildscript/wrapper.go:483.2,483.29 1 27
github.com/go-pkgx/bk/buildscript/wrapper.go:483.29,491.20 2 18
github.com/go-pkgx/bk/buildscript/wrapper.go:491.20,511.4 1 8
github.com/go-pkgx/bk/buildscript/wrapper.go:512.3,512.27 1 18
github.com/go-pkgx/bk/buildscript/wrapper.go:512.27,515.22 3 14
github.com/go-pkgx/bk/buildscript/wrapper.go:515.22,517.5 1 6
github.com/go-pkgx/bk/buildscript/wrapper.go:518.4,518.65 1 14
github.com/go-pkgx/bk/buildscript/wrapper.go:519.9,519.28 1 4
github.com/go-pkgx/bk/buildscript/wrapper.go:519.28,521.4 1 2
github.com/go-pkgx/bk/buildscript/wrapper.go:522.3,522.58 1 18
github.com/go-pkgx/bk/buildscript/wrapper.go:524.2,524.30 1 27
github.com/go-pkgx/bk/buildscript/wrapper.go:524.30,526.18 2 6
github.com/go-pkgx/bk/buildscript/wrapper.go:526.18,528.4 1 1
github.com/go-pkgx/bk/buildscript/wrapper.go:530.2,530.12 1 27
github.com/go-pkgx/bk/config/config.go:31.23,32.41 1 7
github.com/go-pkgx/bk/config/config.go:32.41,34.3 1 5
github.com/go-pkgx/bk/config/config.go:35.2,36.16 2 2
github.com/go-pkgx/bk/config/config.go:36.16,38.3 1 1
github.com/go-pkgx/bk/config/config.go:39.2,39.37 1 1
github.com/go-pkgx/bk/config/config.go:44.24,45.46 1 5
github.com/go-pkgx/bk/config/config.go:45.46,47.3 1 3
github.com/go-pkgx/bk/config/config.go:48.2,49.16 2 2
github.com/go-pkgx/bk/config/config.go:49.16,51.3 1 1
github.com/go-pkgx/bk/config/config.go:52.2,52.40 1 1
github.com/go-pkgx/bk/config/config.go:59.44,60.22 1 4
github.com/go-pkgx/bk/config/config.go:60.22,62.3 1 3
github.com/go-pkgx/bk/config/config.go:63.2,63.47 1 1
github.com/go-pkgx/bk/config/config.go:72.64,79.50 3 4
github.com/go-pkgx/bk/config/config.go:79.50,88.3 8 2
github.com/go-pkgx/bk/config/config.go:90.2,97.10 8 2
github.com/go-pkgx/bk/config/config.go:100.30,101.48 1 4
github.com/go-pkgx/bk/config/config.go:101.48,103.3 1 1
github.com/go-pkgx/bk/config/config.go:104.2,104.38 1 3
github.com/go-pkgx/bk/target/target.go:40.30,43.2 2 4
github.com/go-pkgx/bk/target/target.go:46.31,46.67 1 1
github.com/go-pkgx/bk/target/target.go:61.37,62.16 1 9
github.com/go-pkgx/bk/target/target.go:63.15,64.18 1 1
github.com/go-pkgx/bk/target/target.go:65.15,66.19 1 7
github.com/go-pkgx/bk/target/target.go:67.10,68.16 1 1
github.com/go-pkgx/bk/target/target.go:73.28,73.84 1 12
github.com/go-pkgx/bk/target/target.go:76.50,78.16 2 19
github.com/go-pkgx/bk/target/target.go:79.15,80.18 1 3
github.com/go-pkgx/bk/target/target.go:81.15,82.19 1 15
github.com/go-pkgx/bk/target/target.go:84.2,84.14 1 19
github.com/go-pkgx/bk/target/target.go:85.16,86.32 1 15
github.com/go-pkgx/bk/target/target.go:87.17,88.31 1 1
github.com/go-pkgx/bk/target/target.go:89.10,90.37 1 3
github.com/go-pkgx/bk/target/target.go:95.20,98.2 2 6
github.com/go-pkgx/bk/target/target.go:102.61,104.15 2 21
github.com/go-pkgx/bk/target/target.go:104.15,106.3 1 3
github.com/go-pkgx/bk/target/target.go:107.2,108.14 2 18
github.com/go-pkgx/bk/target/target.go:108.14,110.3 1 6
github.com/go-pkgx/bk/target/target.go:111.2,112.35 2 12
github.com/go-pkgx/bk/target/target.go:112.35,114.3 1 3
github.com/go-pkgx/bk/target/target.go:115.2,115.28 1 9
github.com/go-pkgx/bk/target/target.go:115.28,117.3 1 3
github.com/go-pkgx/bk/target/target.go:118.2,118.34 1 6
github.com/go-pkgx/bk/target/target.go:122.30,125.2 2 5
github.com/go-pkgx/bk/target/target.go:128.32,130.16 2 9
github.com/go-pkgx/bk/target/target.go:130.16,132.3 1 4
github.com/go-pkgx/bk/target/target.go:133.2,133.9 1 5
github.com/go-pkgx/bk/target/target.go:133.9,135.3 1 1
github.com/go-pkgx/bk/target/target.go:136.2,137.27 2 4
github.com/go-pkgx/bk/target/target.go:137.27,141.3 1 3
github.com/go-pkgx/bk/target/target.go:142.2,142.68 1 4
github.com/go-pkgx/bk/pantry/pantry.go:46.55,48.51 2 5
github.com/go-pkgx/bk/pantry/pantry.go:48.51,50.3 1 1
github.com/go-pkgx/bk/pantry/pantry.go:51.2,55.41 3 4
github.com/go-pkgx/bk/pantry/pantry.go:58.63,59.16 1 2
github.com/go-pkgx/bk/pantry/pantry.go:59.16,60.34 1 1
github.com/go-pkgx/bk/pantry/pantry.go:62.2,62.10 1 1
github.com/go-pkgx/bk/pantry/pantry.go:66.34,68.51 2 11
github.com/go-pkgx/bk/pantry/pantry.go:68.51,70.3 1 1
github.com/go-pkgx/bk/pantry/pantry.go:71.2,72.53 2 10
github.com/go-pkgx/bk/pantry/pantry.go:72.53,74.3 1 3
github.com/go-pkgx/bk/pantry/pantry.go:75.2,75.12 1 7
github.com/go-pkgx/bk/pantry/pantry.go:81.42,83.52 2 10
github.com/go-pkgx/bk/pantry/pantry.go:83.52,85.3 1 1
github.com/go-pkgx/bk/pantry/pantry.go:86.2,87.40 2 9
github.com/go-pkgx/bk/pantry/pantry.go:87.40,89.3 1 1
github.com/go-pkgx/bk/pantry/pantry.go:95.2,96.39 2 8
github.com/go-pkgx/bk/pantry/pantry.go:96.39,98.3 1 2
github.com/go-pkgx/bk/pantry/pantry.go:99.2,99.16 1 6
github.com/go-pkgx/bk/pantry/pantry.go:106.56,109.28 1 8
github.com/go-pkgx/bk/pantry/pantry.go:109.28,111.3 1 1
github.com/go-pkgx/bk/pantry/pantry.go:112.2,113.43 2 7
github.com/go-pkgx/bk/pantry/pantry.go:113.43,114.39 1 14
github.com/go-pkgx/bk/pantry/pantry.go:114.39,115.12 1 9
github.com/go-pkgx/bk/pantry/pantry.go:117.3,118.37 2 5
github.com/go-pkgx/bk/pantry/pantry.go:118.37,120.4 1 2
github.com/go-pkgx/bk/pantry/pantry.go:126.3,128.34 3 3
github.com/go-pkgx/bk/pantry/pantry.go:128.34,129.33 1 7
github.com/go-pkgx/bk/pantry/pantry.go:129.33,131.13 2 5
github.com/go-pkgx/bk/pantry/pantry.go:133.4,133.20 1 2
github.com/go-pkgx/bk/pantry/pantry.go:133.20,135.5 1 2
github.com/go-pkgx/bk/pantry/pantry.go:137.3,137.13 1 3
github.com/go-pkgx/bk/pantry/pantry.go:139.2,139.16 1 2
github.com/go-pkgx/bk/pantry/pantry.go:144.29,145.23 1 118
github.com/go-pkgx/bk/pantry/pantry.go:146.22,147.23 1 29
github.com/go-pkgx/bk/pantry/pantry.go:147.23,149.4 1 71
github.com/go-pkgx/bk/pantry/pantry.go:150.3,150.11 1 29
github.com/go-pkgx/bk/pantry/pantry.go:151.19,153.23 2 1
github.com/go-pkgx/bk/pantry/pantry.go:153.23,155.4 1 2
github.com/go-pkgx/bk/pantry/pantry.go:156.3,156.11 1 1
github.com/go-pkgx/bk/pantry/pantry.go:157.13,158.23 1 17
github.com/go-pkgx/bk/pantry/pantry.go:158.23,160.4 1 34
github.com/go-pkgx/bk/pantry/pantry.go:161.3,161.11 1 17
github.com/go-pkgx/bk/pantry/pantry.go:162.11,163.20 1 6
github.com/go-pkgx/bk/pantry/pantry.go:164.13,165.20 1 1
github.com/go-pkgx/bk/pantry/pantry.go:166.10,167.11 1 64
github.com/go-pkgx/bk/httpretry/httpretry.go:41.44,42.16 1 14
github.com/go-pkgx/bk/httpretry/httpretry.go:42.16,44.42 2 8
github.com/go-pkgx/bk/httpretry/httpretry.go:44.42,46.4 1 1
github.com/go-pkgx/bk/httpretry/httpretry.go:49.3,51.27 1 7
github.com/go-pkgx/bk/httpretry/httpretry.go:51.27,53.4 1 5
github.com/go-pkgx/bk/httpretry/httpretry.go:56.3,56.15 1 2
github.com/go-pkgx/bk/httpretry/httpretry.go:60.2,60.62 1 6
github.com/go-pkgx/bk/httpretry/httpretry.go:64.35,66.25 2 3
github.com/go-pkgx/bk/httpretry/httpretry.go:66.25,68.3 1 3
github.com/go-pkgx/bk/httpretry/httpretry.go:69.2,69.10 1 3
github.com/go-pkgx/bk/moustache/moustache.go:19.49,20.27 1 4
github.com/go-pkgx/bk/moustache/moustache.go:20.27,22.62 2 6
github.com/go-pkgx/bk/moustache/moustache.go:22.62,22.77 1 5
github.com/go-pkgx/bk/moustache/moustache.go:24.2,24.14 1 4
github.com/go-pkgx/bk/moustache/moustache.go:29.46,33.50 4 5
github.com/go-pkgx/bk/moustache/moustache.go:33.50,36.3 2 1
github.com/go-pkgx/bk/moustache/moustache.go:42.2,42.47 1 5
github.com/go-pkgx/bk/moustache/moustache.go:42.47,44.3 1 1
github.com/go-pkgx/bk/moustache/moustache.go:45.2,56.3 3 5
github.com/go-pkgx/bk/moustache/moustache.go:67.31,69.25 2 1
github.com/go-pkgx/bk/moustache/moustache.go:69.25,72.3 2 1
github.com/go-pkgx/bk/moustache/moustache.go:73.2,73.13 1 1
github.com/go-pkgx/bk/moustache/moustache.go:77.41,77.84 1 1
github.com/go-pkgx/bk/moustache/moustache.go:80.67,87.2 1 1
github.com/go-pkgx/bk/moustache/moustache.go:89.35,91.42 2 5
github.com/go-pkgx/bk/moustache/moustache.go:91.42,93.48 2 13
github.com/go-pkgx/bk/moustache/moustache.go:93.48,96.4 2 13
github.com/go-pkgx/bk/moustache/moustache.go:97.3,97.23 1 13
github.com/go-pkgx/bk/moustache/moustache.go:99.2,99.12 1 5
github.com/go-pkgx/bk/moustache/moustache.go:102.31,103.17 1 15
github.com/go-pkgx/bk/moustache/moustache.go:103.17,105.3 1 13
github.com/go-pkgx/bk/moustache/moustache.go:106.2,106.10 1 2
github.com/go-pkgx/bk/moustache/moustache.go:109.25,109.51 1 41
github.com/go-pkgx/bk/pantry/hcl/hcl.go:33.65,35.16 2 3
github.com/go-pkgx/bk/pantry/hcl/hcl.go:35.16,37.3 1 1
github.com/go-pkgx/bk/pantry/hcl/hcl.go:42.2,43.24 2 2
github.com/go-pkgx/bk/pantry/hcl/hcl.go:48.65,50.23 2 7
github.com/go-pkgx/bk/pantry/hcl/hcl.go:50.23,52.3 1 1
github.com/go-pkgx/bk/pantry/hcl/hcl.go:53.2,53.44 1 6
github.com/go-pkgx/bk/pantry/hcl/hcl.go:57.62,59.42 2 14
github.com/go-pkgx/bk/pantry/hcl/hcl.go:59.42,61.24 2 16
github.com/go-pkgx/bk/pantry/hcl/hcl.go:61.24,63.4 1 2
github.com/go-pkgx/bk/pantry/hcl/hcl.go:64.3,65.17 2 14
github.com/go-pkgx/bk/pantry/hcl/hcl.go:65.17,67.4 1 1
github.com/go-pkgx/bk/pantry/hcl/hcl.go:68.3,68.16 1 13
github.com/go-pkgx/bk/pantry/hcl/hcl.go:70.2,70.36 1 11
github.com/go-pkgx/bk/pantry/hcl/hcl.go:70.36,71.43 1 8
github.com/go-pkgx/bk/pantry/hcl/hcl.go:71.43,73.4 1 1
github.com/go-pkgx/bk/pantry/hcl/hcl.go:74.3,75.17 2 7
github.com/go-pkgx/bk/pantry/hcl/hcl.go:75.17,77.4 1 1
github.com/go-pkgx/bk/pantry/hcl/hcl.go:78.3,78.22 1 6
github.com/go-pkgx/bk/pantry/hcl/hcl.go:80.2,80.17 1 9
github.com/go-pkgx/bk/pantry/hcl/hcl.go:85.40,86.16 1 43
github.com/go-pkgx/bk/pantry/hcl/hcl.go:86.16,88.3 1 1
github.com/go-pkgx/bk/pantry/hcl/hcl.go:89.2,90.9 2 42
github.com/go-pkgx/bk/pantry/hcl/hcl.go:91.23,92.27 1 20
github.com/go-pkgx/bk/pantry/hcl/hcl.go:93.21,94.23 1 1
github.com/go-pkgx/bk/pantry/hcl/hcl.go:95.23,97.16 2 4
github.com/go-pkgx/bk/pantry/hcl/hcl.go:98.54,100.38 2 8
github.com/go-pkgx/bk/pantry/hcl/hcl.go:100.38,102.18 2 12
github.com/go-pkgx/bk/pantry/hcl/hcl.go:102.18,104.5 1 1
github.com/go-pkgx/bk/pantry/hcl/hcl.go:105.4,105.24 1 11
github.com/go-pkgx/bk/pantry/hcl/hcl.go:107.3,107.18 1 7
github.com/go-pkgx/bk/pantry/hcl/hcl.go:108.39,110.36 2 5
github.com/go-pkgx/bk/pantry/hcl/hcl.go:110.36,112.18 2 6
github.com/go-pkgx/bk/pantry/hcl/hcl.go:112.18,114.5 1 1
github.com/go-pkgx/bk/pantry/hcl/hcl.go:115.4,115.14 1 5
github.com/go-pkgx/bk/pantry/hcl/hcl.go:117.3,117.18 1 4
github.com/go-pkgx/bk/pantry/hcl/hcl.go:118.10,119.76 1 4
github.com/go-pkgx/bk/build/build.go:30.77,32.25 2 83
github.com/go-pkgx/bk/build/build.go:32.25,34.13 2 74
github.com/go-pkgx/bk/build/build.go:34.13,36.12 2 63
github.com/go-pkgx/bk/build/build.go:38.3,38.37 1 11
github.com/go-pkgx/bk/build/build.go:38.37,39.12 1 4
github.com/go-pkgx/bk/build/build.go:41.3,41.37 1 7
github.com/go-pkgx/bk/build/build.go:41.37,42.12 1 2
github.com/go-pkgx/bk/build/build.go:44.3,44.40 1 5
github.com/go-pkgx/bk/build/build.go:44.40,45.28 1 4
github.com/go-pkgx/bk/build/build.go:45.28,47.5 1 4
github.com/go-pkgx/bk/build/build.go:50.2,50.13 1 83
github.com/go-pkgx/bk/build/build.go:55.64,58.25 3 73
github.com/go-pkgx/bk/build/build.go:58.25,60.3 1 61
github.com/go-pkgx/bk/build/build.go:61.2,62.14 2 73
github.com/go-pkgx/bk/build/build.go:71.49,72.9 1 69
github.com/go-pkgx/bk/build/build.go:73.45,74.17 1 7
github.com/go-pkgx/bk/build/build.go:76.74,77.30 1 55
github.com/go-pkgx/bk/build/build.go:78.42,79.61 1 2
github.com/go-pkgx/bk/build/build.go:80.10,81.36 1 5
github.com/go-pkgx/bk/build/build.go:91.38,92.51 1 980
github.com/go-pkgx/bk/build/build.go:92.51,94.3 1 176
github.com/go-pkgx/bk/build/build.go:95.2,95.13 1 804
github.com/go-pkgx/bk/build/build.go:102.171,104.49 2 5
github.com/go-pkgx/bk/build/build.go:104.49,106.3 1 2
github.com/go-pkgx/bk/build/build.go:107.2,108.22 2 5
github.com/go-pkgx/bk/build/build.go:108.22,110.3 1 6
github.com/go-pkgx/bk/build/build.go:111.2,114.29 3 5
github.com/go-pkgx/bk/build/build.go:114.29,116.17 2 5
github.com/go-pkgx/bk/build/build.go:116.17,118.4 1 2
github.com/go-pkgx/bk/build/build.go:119.3,123.5 1 3
github.com/go-pkgx/bk/build/build.go:125.2,125.34 1 3
github.com/go-pkgx/bk/build/build.go:128.55,129.54 1 78
github.com/go-pkgx/bk/build/build.go:129.54,131.3 1 3
github.com/go-pkgx/bk/build/build.go:132.2,132.18 1 75
github.com/go-pkgx/bk/build/build.go:132.18,134.3 1 6
github.com/go-pkgx/bk/build/build.go:135.2,135.15 1 69
github.com/go-pkgx/bk/build/build.go:135.15,137.3 1 5
github.com/go-pkgx/bk/build/build.go:138.2,138.22 1 64
github.com/go-pkgx/bk/build/build.go:141.27,142.23 1 73
github.com/go-pkgx/bk/build/build.go:143.11,144.13 1 2
github.com/go-pkgx/bk/build/build.go:145.14,146.11 1 67
github.com/go-pkgx/bk/build/build.go:147.12,148.8 1 2
github.com/go-pkgx/bk/build/build.go:148.8,150.4 1 1
github.com/go-pkgx/bk/build/build.go:151.3,151.12 1 1
github.com/go-pkgx/bk/build/build.go:152.10,153.42 1 2
github.com/go-pkgx/bk/build/build.go:160.31,194.2 1 33
github.com/go-pkgx/bk/build/build.go:211.94,214.30 3 30
github.com/go-pkgx/bk/build/build.go:214.30,215.27 1 90
github.com/go-pkgx/bk/build/build.go:215.27,217.18 2 493
github.com/go-pkgx/bk/build/build.go:217.18,220.5 2 471
github.com/go-pkgx/bk/build/build.go:223.2,243.25 5 30
github.com/go-pkgx/bk/build/build.go:243.25,244.32 1 450
github.com/go-pkgx/bk/build/build.go:244.32,245.12 1 2
github.com/go-pkgx/bk/build/build.go:247.3,247.25 1 448
github.com/go-pkgx/bk/build/build.go:249.2,251.12 3 30
github.com/go-pkgx/bk/build/build.go:259.50,325.42 2 21
github.com/go-pkgx/bk/build/build.go:325.42,326.35 1 294
github.com/go-pkgx/bk/build/build.go:326.35,328.4 1 109
github.com/go-pkgx/bk/build/build.go:330.2,330.12 1 21
github.com/go-pkgx/bk/build/build.go:351.42,353.41 2 3
github.com/go-pkgx/bk/build/build.go:353.41,355.82 2 6
github.com/go-pkgx/bk/build/build.go:355.82,356.31 1 47
github.com/go-pkgx/bk/build/build.go:356.31,358.5 1 14
github.com/go-pkgx/bk/build/build.go:359.4,360.29 2 33
github.com/go-pkgx/bk/build/build.go:360.29,361.85 1 54
github.com/go-pkgx/bk/build/build.go:361.85,363.6 1 10
github.com/go-pkgx/bk/build/build.go:365.4,365.14 1 23
github.com/go-pkgx/bk/build/build.go:367.3,367.17 1 6
github.com/go-pkgx/bk/build/build.go:367.17,369.4 1 2
github.com/go-pkgx/bk/build/build.go:371.2,371.12 1 1
github.com/go-pkgx/bk/build/runner.go:82.132,85.16 3 31
github.com/go-pkgx/bk/build/runner.go:85.16,87.3 1 1
github.com/go-pkgx/bk/build/runner.go:88.2,92.15 2 30
github.com/go-pkgx/bk/build/runner.go:92.15,94.3 1 1
github.com/go-pkgx/bk/build/runner.go:96.2,98.77 3 30
github.com/go-pkgx/bk/build/runner.go:98.77,99.40 1 88
github.com/go-pkgx/bk/build/runner.go:99.40,101.4 1 1
github.com/go-pkgx/bk/build/runner.go:103.2,103.55 1 29
github.com/go-pkgx/bk/build/runner.go:103.55,105.3 1 1
github.com/go-pkgx/bk/build/runner.go:106.2,106.54 1 28
github.com/go-pkgx/bk/build/runner.go:106.54,108.3 1 1
github.com/go-pkgx/bk/build/runner.go:111.2,111.33 1 27
github.com/go-pkgx/bk/build/runner.go:111.33,113.17 2 25
github.com/go-pkgx/bk/build/runner.go:113.17,115.4 1 1
github.com/go-pkgx/bk/build/runner.go:120.3,121.28 2 24
github.com/go-pkgx/bk/build/runner.go:121.28,123.15 2 26
github.com/go-pkgx/bk/build/runner.go:123.15,125.5 1 1
github.com/go-pkgx/bk/build/runner.go:125.10,127.5 1 25
github.com/go-pkgx/bk/build/runner.go:128.4,128.23 1 26
github.com/go-pkgx/bk/build/runner.go:128.23,133.16 2 22
github.com/go-pkgx/bk/build/runner.go:133.16,135.6 1 1
github.com/go-pkgx/bk/build/runner.go:135.11,137.6 1 21
github.com/go-pkgx/bk/build/runner.go:138.5,138.10 1 22
github.com/go-pkgx/bk/build/runner.go:140.4,140.23 1 4
github.com/go-pkgx/bk/build/runner.go:140.23,142.5 1 2
github.com/go-pkgx/bk/build/runner.go:144.3,144.22 1 24
github.com/go-pkgx/bk/build/runner.go:144.22,146.4 1 2
github.com/go-pkgx/bk/build/runner.go:147.3,147.46 1 22
github.com/go-pkgx/bk/build/runner.go:147.46,149.4 1 1
github.com/go-pkgx/bk/build/runner.go:157.2,158.23 2 23
github.com/go-pkgx/bk/build/runner.go:158.23,159.48 1 4
github.com/go-pkgx/bk/build/runner.go:159.48,160.59 1 3
github.com/go-pkgx/bk/build/runner.go:160.59,162.5 1 1
github.com/go-pkgx/bk/build/runner.go:167.2,177.25 7 22
github.com/go-pkgx/bk/build/runner.go:177.25,179.17 2 2
github.com/go-pkgx/bk/build/runner.go:179.17,181.4 1 1
github.com/go-pkgx/bk/build/runner.go:182.3,182.29 1 1
github.com/go-pkgx/bk/build/runner.go:184.2,185.16 2 21
github.com/go-pkgx/bk/build/runner.go:185.16,187.3 1 1
github.com/go-pkgx/bk/build/runner.go:191.2,192.107 2 20
github.com/go-pkgx/bk/build/runner.go:192.107,194.3 1 1
github.com/go-pkgx/bk/build/runner.go:195.2,203.75 3 19
github.com/go-pkgx/bk/build/runner.go:203.75,205.3 1 1
github.com/go-pkgx/bk/build/runner.go:208.2,208.90 1 18
github.com/go-pkgx/bk/build/runner.go:208.90,210.3 1 1
github.com/go-pkgx/bk/build/runner.go:217.2,217.49 1 17
github.com/go-pkgx/bk/build/runner.go:217.49,218.52 1 2
github.com/go-pkgx/bk/build/runner.go:218.52,220.4 1 1
github.com/go-pkgx/bk/build/runner.go:222.2,222.68 1 16
github.com/go-pkgx/bk/build/runner.go:222.68,224.3 1 1
github.com/go-pkgx/bk/build/runner.go:225.2,225.155 1 15
github.com/go-pkgx/bk/build/runner.go:225.155,227.3 1 1
github.com/go-pkgx/bk/build/runner.go:230.2,230.19 1 14
github.com/go-pkgx/bk/build/runner.go:230.19,232.17 2 2
github.com/go-pkgx/bk/build/runner.go:232.17,234.4 1 1
github.com/go-pkgx/bk/build/runner.go:235.3,235.21 1 1
github.com/go-pkgx/bk/build/runner.go:237.2,237.17 1 13
github.com/go-pkgx/bk/build/runner.go:240.36,241.23 1 24
github.com/go-pkgx/bk/build/runner.go:241.23,243.3 1 1
github.com/go-pkgx/bk/build/runner.go:244.2,244.25 1 23
github.com/go-pkgx/bk/build/runner.go:251.54,251.82 1 3
github.com/go-pkgx/bk/build/runner.go:253.54,254.48 1 28
github.com/go-pkgx/bk/build/runner.go:254.48,255.55 1 26
github.com/go-pkgx/bk/build/runner.go:255.55,257.4 1 20
github.com/go-pkgx/bk/build/runner.go:259.2,259.12 1 8
github.com/go-pkgx/bk/build/runner.go:272.66,273.26 1 39
github.com/go-pkgx/bk/build/runner.go:274.14,275.52 1 8
github.com/go-pkgx/bk/build/runner.go:276.22,278.52 2 29
github.com/go-pkgx/bk/build/runner.go:278.52,280.4 1 2
github.com/go-pkgx/bk/build/runner.go:281.3,281.45 1 29
github.com/go-pkgx/bk/build/runner.go:282.12,283.16 1 25
github.com/go-pkgx/bk/build/runner.go:284.15,285.33 1 1
github.com/go-pkgx/bk/build/runner.go:287.3,287.18 1 29
github.com/go-pkgx/bk/build/runner.go:287.18,289.4 1 2
github.com/go-pkgx/bk/build/runner.go:290.3,290.16 1 27
github.com/go-pkgx/bk/build/runner.go:291.10,292.68 1 2
github.com/go-pkgx/bk/build/runner.go:301.65,306.15 2 37
github.com/go-pkgx/bk/build/runner.go:306.15,308.3 1 1
github.com/go-pkgx/bk/build/runner.go:309.2,310.33 2 37
github.com/go-pkgx/bk/build/runner.go:310.33,311.20 1 6
github.com/go-pkgx/bk/build/runner.go:311.20,313.4 1 1
github.com/go-pkgx/bk/build/runner.go:314.3,315.25 2 5
github.com/go-pkgx/bk/build/runner.go:315.25,317.18 2 8
github.com/go-pkgx/bk/build/runner.go:317.18,319.5 1 1
github.com/go-pkgx/bk/build/runner.go:320.4,320.26 1 7
github.com/go-pkgx/bk/build/runner.go:322.3,322.19 1 4
github.com/go-pkgx/bk/build/runner.go:324.2,325.16 2 31
github.com/go-pkgx/bk/build/runner.go:325.16,327.3 1 3
github.com/go-pkgx/bk/build/runner.go:328.2,328.25 1 28
github.com/go-pkgx/bk/build/runner.go:331.24,332.29 1 31
github.com/go-pkgx/bk/build/runner.go:332.29,334.3 1 28
github.com/go-pkgx/bk/build/runner.go:335.2,335.11 1 3
github.com/go-pkgx/bk/build/runner.go:341.43,343.16 2 11
github.com/go-pkgx/bk/build/runner.go:343.16,345.3 1 1
github.com/go-pkgx/bk/build/runner.go:346.2,346.66 1 10
github.com/go-pkgx/bk/build/runner.go:346.66,348.3 1 2
github.com/go-pkgx/bk/build/runner.go:349.2,350.16 2 8
github.com/go-pkgx/bk/build/runner.go:350.16,352.3 1 1
github.com/go-pkgx/bk/build/runner.go:353.2,353.28 1 7
github.com/go-pkgx/bk/build/runner.go:353.28,355.16 2 9
github.com/go-pkgx/bk/build/runner.go:355.16,356.48 1 2
github.com/go-pkgx/bk/build/runner.go:356.48,358.5 1 1
github.com/go-pkgx/bk/build/runner.go:359.4,359.12 1 1
github.com/go-pkgx/bk/build/runner.go:361.3,362.17 2 7
github.com/go-pkgx/bk/build/runner.go:362.17,364.4 1 1
github.com/go-pkgx/bk/build/runner.go:365.3,366.17 2 6
github.com/go-pkgx/bk/build/runner.go:366.17,368.4 1 1
github.com/go-pkgx/bk/build/runner.go:369.3,369.65 1 5
github.com/go-pkgx/bk/build/runner.go:369.65,371.4 1 1
github.com/go-pkgx/bk/build/runner.go:373.2,373.12 1 3
github.com/go-pkgx/bk/build/seams.go:16.65,18.2 1 9
github.com/go-pkgx/bk/versions/retry.go:24.64,25.32 1 13
github.com/go-pkgx/bk/versions/retry.go:25.32,28.18 3 17
github.com/go-pkgx/bk/versions/retry.go:28.18,30.4 1 12
github.com/go-pkgx/bk/versions/retry.go:31.3,31.75 1 17
github.com/go-pkgx/bk/versions/retry.go:31.75,33.4 1 13
github.com/go-pkgx/bk/versions/retry.go:34.3,34.18 1 4
github.com/go-pkgx/bk/versions/retry.go:34.18,37.4 1 1
github.com/go-pkgx/bk/versions/retry.go:38.3,38.38 1 4
github.com/go-pkgx/bk/versions/versions.go:44.45,46.17 2 6
github.com/go-pkgx/bk/versions/versions.go:46.17,48.4 1 1
github.com/go-pkgx/bk/versions/versions.go:49.3,50.39 2 5
github.com/go-pkgx/bk/versions/versions.go:50.39,52.4 1 1
github.com/go-pkgx/bk/versions/versions.go:53.3,54.17 2 4
github.com/go-pkgx/bk/versions/versions.go:54.17,56.4 1 1
github.com/go-pkgx/bk/versions/versions.go:57.3,57.27 1 3
github.com/go-pkgx/bk/versions/versions.go:66.59,69.17 3 2
github.com/go-pkgx/bk/versions/versions.go:69.17,71.4 1 1
github.com/go-pkgx/bk/versions/versions.go:72.3,73.28 2 1
github.com/go-pkgx/bk/versions/versions.go:73.28,74.76 1 4
github.com/go-pkgx/bk/versions/versions.go:74.76,76.5 1 2
github.com/go-pkgx/bk/versions/versions.go:78.3,78.19 1 1
github.com/go-pkgx/bk/versions/versions.go:94.60,96.17 2 7
github.com/go-pkgx/bk/versions/versions.go:96.17,98.4 1 1
github.com/go-pkgx/bk/versions/versions.go:99.3,101.49 3 6
github.com/go-pkgx/bk/versions/versions.go:101.49,103.4 1 1
github.com/go-pkgx/bk/versions/versions.go:104.3,105.17 2 6
github.com/go-pkgx/bk/versions/versions.go:105.17,107.4 1 1
github.com/go-pkgx/bk/versions/versions.go:108.3,109.39 2 5
github.com/go-pkgx/bk/versions/versions.go:109.39,111.4 1 1
github.com/go-pkgx/bk/versions/versions.go:112.3,113.17 2 4
github.com/go-pkgx/bk/versions/versions.go:113.17,115.4 1 1
github.com/go-pkgx/bk/versions/versions.go:116.3,117.53 2 3
github.com/go-pkgx/bk/versions/versions.go:117.53,119.4 1 1
github.com/go-pkgx/bk/versions/versions.go:120.3,120.19 1 2
github.com/go-pkgx/bk/versions/versions.go:127.56,129.17 2 4
github.com/go-pkgx/bk/versions/versions.go:129.17,131.4 1 1
github.com/go-pkgx/bk/versions/versions.go:132.3,133.29 2 3
github.com/go-pkgx/bk/versions/versions.go:171.67,172.26 1 44
github.com/go-pkgx/bk/versions/versions.go:173.22,174.35 1 35
github.com/go-pkgx/bk/versions/versions.go:175.13,179.23 3 8
github.com/go-pkgx/bk/versions/versions.go:179.23,181.11 2 15
github.com/go-pkgx/bk/versions/versions.go:181.11,183.13 2 13
github.com/go-pkgx/bk/versions/versions.go:185.4,186.18 2 2
github.com/go-pkgx/bk/versions/versions.go:186.18,188.5 1 1
github.com/go-pkgx/bk/versions/versions.go:189.4,191.35 3 1
github.com/go-pkgx/bk/versions/versions.go:193.3,193.64 1 7
github.com/go-pkgx/bk/versions/versions.go:194.10,195.75 1 1
github.com/go-pkgx/bk/versions/versions.go:201.78,203.16 2 35
github.com/go-pkgx/bk/versions/versions.go:203.16,205.3 1 16
github.com/go-pkgx/bk/versions/versions.go:206.2,206.63 1 19
github.com/go-pkgx/bk/versions/versions.go:215.108,217.16 2 47
github.com/go-pkgx/bk/versions/versions.go:217.16,219.3 1 3
github.com/go-pkgx/bk/versions/versions.go:220.2,221.16 2 44
github.com/go-pkgx/bk/versions/versions.go:221.16,223.3 1 1
github.com/go-pkgx/bk/versions/versions.go:225.2,225.9 1 43
github.com/go-pkgx/bk/versions/versions.go:226.26,233.21 3 21
github.com/go-pkgx/bk/versions/versions.go:233.21,235.18 2 15
github.com/go-pkgx/bk/versions/versions.go:235.18,237.5 1 3
github.com/go-pkgx/bk/versions/versions.go:238.4,239.18 2 12
github.com/go-pkgx/bk/versions/versions.go:239.18,241.5 1 1
github.com/go-pkgx/bk/versions/versions.go:242.4,242.27 1 11
github.com/go-pkgx/bk/versions/versions.go:242.27,244.5 1 28
github.com/go-pkgx/bk/versions/versions.go:245.9,247.18 2 6
github.com/go-pkgx/bk/versions/versions.go:247.18,249.5 1 1
github.com/go-pkgx/bk/versions/versions.go:250.4,251.18 2 5
github.com/go-pkgx/bk/versions/versions.go:251.18,253.5 1 1
github.com/go-pkgx/bk/versions/versions.go:254.4,255.27 2 4
github.com/go-pkgx/bk/versions/versions.go:255.27,257.15 2 14
github.com/go-pkgx/bk/versions/versions.go:257.15,259.6 1 2
github.com/go-pkgx/bk/versions/versions.go:259.11,259.26 1 12
github.com/go-pkgx/bk/versions/versions.go:259.26,263.6 1 3
github.com/go-pkgx/bk/versions/versions.go:264.5,264.42 1 14
github.com/go-pkgx/bk/versions/versions.go:267.26,270.17 3 4
github.com/go-pkgx/bk/versions/versions.go:270.17,272.4 1 1
github.com/go-pkgx/bk/versions/versions.go:273.3,274.17 2 3
github.com/go-pkgx/bk/versions/versions.go:274.17,276.4 1 1
github.com/go-pkgx/bk/versions/versions.go:277.3,277.26 1 2
github.com/go-pkgx/bk/versions/versions.go:277.26,279.4 1 6
github.com/go-pkgx/bk/versions/versions.go:280.23,283.17 3 5
github.com/go-pkgx/bk/versions/versions.go:283.17,285.4 1 1
github.com/go-pkgx/bk/versions/versions.go:286.3,289.60 2 4
github.com/go-pkgx/bk/versions/versions.go:289.60,291.4 1 1
github.com/go-pkgx/bk/versions/versions.go:292.3,292.31 1 3
github.com/go-pkgx/bk/versions/versions.go:292.31,294.4 1 9
github.com/go-pkgx/bk/versions/versions.go:295.23,298.32 3 11
github.com/go-pkgx/bk/versions/versions.go:298.32,300.4 1 1
github.com/go-pkgx/bk/versions/versions.go:301.3,302.17 2 10
github.com/go-pkgx/bk/versions/versions.go:302.17,304.4 1 1
github.com/go-pkgx/bk/versions/versions.go:305.3,306.17 2 9
github.com/go-pkgx/bk/versions/versions.go:306.17,308.4 1 1
github.com/go-pkgx/bk/versions/versions.go:309.3,309.42 1 8
github.com/go-pkgx/bk/versions/versions.go:310.10,311.80 1 2
github.com/go-pkgx/bk/versions/versions.go:313.2,313.41 1 28
github.com/go-pkgx/bk/versions/versions.go:331.43,336.26 2 12
github.com/go-pkgx/bk/versions/versions.go:337.22,340.17 3 8
github.com/go-pkgx/bk/versions/versions.go:340.17,342.4 1 1
github.com/go-pkgx/bk/versions/versions.go:343.13,349.23 1 3
github.com/go-pkgx/bk/versions/versions.go:349.23,351.11 2 6
github.com/go-pkgx/bk/versions/versions.go:351.11,353.13 2 4
github.com/go-pkgx/bk/versions/versions.go:355.4,356.18 2 2
github.com/go-pkgx/bk/versions/versions.go:356.18,358.5 1 1
github.com/go-pkgx/bk/versions/versions.go:359.4,361.35 3 1
github.com/go-pkgx/bk/versions/versions.go:363.10,364.72 1 1
github.com/go-pkgx/bk/versions/versions.go:366.2,366.50 1 9
github.com/go-pkgx/bk/versions/versions.go:374.96,381.31 4 9
github.com/go-pkgx/bk/versions/versions.go:381.31,383.29 2 28
github.com/go-pkgx/bk/versions/versions.go:383.29,385.4 1 22
github.com/go-pkgx/bk/versions/versions.go:386.3,387.29 2 28
github.com/go-pkgx/bk/versions/versions.go:387.29,388.12 1 1
github.com/go-pkgx/bk/versions/versions.go:390.3,391.17 2 27
github.com/go-pkgx/bk/versions/versions.go:391.17,392.12 1 3
github.com/go-pkgx/bk/versions/versions.go:394.3,395.16 2 24
github.com/go-pkgx/bk/versions/versions.go:395.16,396.12 1 2
github.com/go-pkgx/bk/versions/versions.go:398.3,399.79 2 22
github.com/go-pkgx/bk/versions/versions.go:401.2,401.23 1 9
github.com/go-pkgx/bk/versions/versions.go:401.23,403.3 1 1
github.com/go-pkgx/bk/versions/versions.go:404.2,404.48 1 8
github.com/go-pkgx/bk/versions/versions.go:404.48,406.3 1 19
github.com/go-pkgx/bk/versions/versions.go:407.2,408.28 2 8
github.com/go-pkgx/bk/versions/versions.go:408.28,410.3 1 22
github.com/go-pkgx/bk/versions/versions.go:411.2,411.17 1 8
github.com/go-pkgx/bk/versions/versions.go:429.38,430.33 1 97
github.com/go-pkgx/bk/versions/versions.go:430.33,432.3 1 4
github.com/go-pkgx/bk/versions/versions.go:433.2,433.10 1 93
github.com/go-pkgx/bk/versions/versions.go:439.40,440.33 1 6
github.com/go-pkgx/bk/versions/versions.go:440.33,442.3 1 1
github.com/go-pkgx/bk/versions/versions.go:443.2,443.44 1 6
github.com/go-pkgx/bk/versions/versions.go:446.118,448.43 2 26
github.com/go-pkgx/bk/versions/versions.go:448.43,450.17 2 6
github.com/go-pkgx/bk/versions/versions.go:450.17,452.4 1 1
github.com/go-pkgx/bk/versions/versions.go:453.3,453.10 1 5
github.com/go-pkgx/bk/versions/versions.go:456.2,458.31 3 25
github.com/go-pkgx/bk/versions/versions.go:458.31,460.29 2 67
github.com/go-pkgx/bk/versions/versions.go:460.29,462.4 1 40
github.com/go-pkgx/bk/versions/versions.go:463.3,464.29 2 67
github.com/go-pkgx/bk/versions/versions.go:464.29,465.12 1 2
github.com/go-pkgx/bk/versions/versions.go:467.3,468.17 2 65
github.com/go-pkgx/bk/versions/versions.go:468.17,469.12 1 2
github.com/go-pkgx/bk/versions/versions.go:471.3,471.38 1 63
github.com/go-pkgx/bk/versions/versions.go:471.38,472.12 1 9
github.com/go-pkgx/bk/versions/versions.go:474.3,474.41 1 54
github.com/go-pkgx/bk/versions/versions.go:474.41,476.4 1 42
github.com/go-pkgx/bk/versions/versions.go:478.2,478.17 1 25
github.com/go-pkgx/bk/versions/versions.go:478.17,480.3 1 2
github.com/go-pkgx/bk/versions/versions.go:481.2,481.43 1 23
github.com/go-pkgx/bk/versions/versions.go:488.35,489.61 1 47
github.com/go-pkgx/bk/versions/versions.go:489.61,491.3 1 9
github.com/go-pkgx/bk/versions/versions.go:492.2,492.10 1 38
github.com/go-pkgx/bk/versions/versions.go:511.43,513.34 2 26
github.com/go-pkgx/bk/versions/versions.go:513.34,514.29 1 10
github.com/go-pkgx/bk/versions/versions.go:514.29,515.48 1 8
github.com/go-pkgx/bk/versions/versions.go:515.48,517.5 1 2
github.com/go-pkgx/bk/versions/versions.go:518.4,518.25 1 6
github.com/go-pkgx/bk/versions/versions.go:521.2,521.15 1 18
github.com/go-pkgx/bk/versions/versions.go:527.65,529.56 2 24
github.com/go-pkgx/bk/versions/versions.go:529.56,531.3 1 6
github.com/go-pkgx/bk/versions/versions.go:532.2,532.32 1 18
github.com/go-pkgx/bk/versions/versions.go:537.47,539.16 2 18
github.com/go-pkgx/bk/versions/versions.go:539.16,541.3 1 5
github.com/go-pkgx/bk/versions/versions.go:542.2,542.56 1 13
github.com/go-pkgx/bk/versions/versions.go:547.51,549.2 1 5
github.com/go-pkgx/bk/versions/versions.go:557.47,559.45 2 4
github.com/go-pkgx/bk/versions/versions.go:559.45,561.3 1 1
github.com/go-pkgx/bk/versions/versions.go:562.2,563.48 2 4
github.com/go-pkgx/bk/versions/versions.go:563.48,565.3 1 1
github.com/go-pkgx/bk/versions/versions.go:566.2,566.44 1 3
github.com/go-pkgx/bk/versions/versions.go:571.49,572.23 1 97
github.com/go-pkgx/bk/versions/versions.go:573.11,574.18 1 73
github.com/go-pkgx/bk/versions/versions.go:575.14,577.17 2 13
github.com/go-pkgx/bk/versions/versions.go:577.17,579.4 1 2
github.com/go-pkgx/bk/versions/versions.go:580.3,580.35 1 11
github.com/go-pkgx/bk/versions/versions.go:581.13,583.23 2 8
github.com/go-pkgx/bk/versions/versions.go:583.23,585.11 2 14
github.com/go-pkgx/bk/versions/versions.go:585.11,587.5 1 1
github.com/go-pkgx/bk/versions/versions.go:588.4,589.18 2 13
github.com/go-pkgx/bk/versions/versions.go:589.18,591.5 1 1
github.com/go-pkgx/bk/versions/versions.go:592.4,592.25 1 12
github.com/go-pkgx/bk/versions/versions.go:594.3,594.18 1 6
github.com/go-pkgx/bk/versions/versions.go:595.10,596.65 1 3
github.com/go-pkgx/bk/versions/versions.go:602.53,604.75 2 39
github.com/go-pkgx/bk/versions/versions.go:604.75,606.3 1 37
github.com/go-pkgx/bk/versions/versions.go:607.2,608.16 2 39
github.com/go-pkgx/bk/versions/versions.go:608.16,610.3 1 5
github.com/go-pkgx/bk/versions/versions.go:611.2,611.16 1 34
github.com/go-pkgx/bk/versions/versions.go:615.54,616.25 1 95
github.com/go-pkgx/bk/versions/versions.go:616.25,617.24 1 6
github.com/go-pkgx/bk/versions/versions.go:617.24,619.4 1 3
github.com/go-pkgx/bk/versions/versions.go:621.2,621.14 1 92
github.com/go-pkgx/bk/versions/versions.go:641.41,642.57 1 9
github.com/go-pkgx/bk/versions/versions.go:642.57,644.3 1 4
github.com/go-pkgx/bk/versions/versions.go:645.2,645.149 1 5
github.com/go-pkgx/bk/bottlepkg/bottlepkg.go:31.69,33.82 2 21
github.com/go-pkgx/bk/bottlepkg/bottlepkg.go:33.82,34.17 1 120
github.com/go-pkgx/bk/bottlepkg/bottlepkg.go:34.17,36.4 1 2
github.com/go-pkgx/bk/bottlepkg/bottlepkg.go:37.3,37.25 1 118
github.com/go-pkgx/bk/bottlepkg/bottlepkg.go:37.25,39.4 1 18
github.com/go-pkgx/bk/bottlepkg/bottlepkg.go:40.3,41.17 2 100
github.com/go-pkgx/bk/bottlepkg/bottlepkg.go:41.17,43.4 1 1
github.com/go-pkgx/bk/bottlepkg/bottlepkg.go:44.3,45.13 2 99
github.com/go-pkgx/bk/bottlepkg/bottlepkg.go:46.17,48.3 1 3
github.com/go-pkgx/bk/bottlepkg/bottlepkg.go:49.2,52.16 3 18
github.com/go-pkgx/bk/bottlepkg/bottlepkg.go:52.16,54.3 1 1
github.com/go-pkgx/bk/bottlepkg/bottlepkg.go:55.2,56.27 2 17
github.com/go-pkgx/bk/bottlepkg/bottlepkg.go:56.27,57.73 1 65
github.com/go-pkgx/bk/bottlepkg/bottlepkg.go:57.73,61.4 3 6
github.com/go-pkgx/bk/bottlepkg/bottlepkg.go:63.2,63.35 1 11
github.com/go-pkgx/bk/bottlepkg/bottlepkg.go:63.35,66.3 2 1
github.com/go-pkgx/bk/bottlepkg/bottlepkg.go:67.2,67.19 1 10
github.com/go-pkgx/bk/bottlepkg/bottlepkg.go:71.79,74.16 3 65
github.com/go-pkgx/bk/bottlepkg/bottlepkg.go:74.16,76.3 1 1
github.com/go-pkgx/bk/bottlepkg/bottlepkg.go:77.2,78.35 2 64
github.com/go-pkgx/bk/bottlepkg/bottlepkg.go:78.35,79.47 1 8
github.com/go-pkgx/bk/bottlepkg/bottlepkg.go:79.47,81.4 1 1
github.com/go-pkgx/bk/bottlepkg/bottlepkg.go:83.2,84.16 2 63
github.com/go-pkgx/bk/bottlepkg/bottlepkg.go:84.16,86.3 1 1
github.com/go-pkgx/bk/bottlepkg/bottlepkg.go:87.2,88.16 2 62
github.com/go-pkgx/bk/bottlepkg/bottlepkg.go:88.16,90.3 1 26
github.com/go-pkgx/bk/bottlepkg/bottlepkg.go:91.2,91.44 1 62
github.com/go-pkgx/bk/bottlepkg/bottlepkg.go:91.44,93.3 1 1
github.com/go-pkgx/bk/bottlepkg/bottlepkg.go:94.2,94.28 1 61
github.com/go-pkgx/bk/bottlepkg/bottlepkg.go:94.28,96.3 1 33
github.com/go-pkgx/bk/bottlepkg/bottlepkg.go:97.2,98.16 2 28
github.com/go-pkgx/bk/bottlepkg/bottlepkg.go:98.16,100.3 1 1
github.com/go-pkgx/bk/bottlepkg/bottlepkg.go:101.2,103.12 3 27
github.com/go-pkgx/bk/bottlepkg/bottlepkg.go:109.89,111.47 2 11
github.com/go-pkgx/bk/bottlepkg/bottlepkg.go:111.47,113.3 1 1
github.com/go-pkgx/bk/bottlepkg/bottlepkg.go:114.2,116.16 3 10
github.com/go-pkgx/bk/bottlepkg/bottlepkg.go:116.16,118.3 1 1
github.com/go-pkgx/bk/bottlepkg/bottlepkg.go:119.2,119.64 1 9
github.com/go-pkgx/bk/bottlepkg/bottlepkg.go:119.64,122.3 2 1
github.com/go-pkgx/bk/bottlepkg/bottlepkg.go:123.2,123.34 1 8
github.com/go-pkgx/bk/bottlepkg/bottlepkg.go:123.34,125.3 1 1
github.com/go-pkgx/bk/bottlepkg/bottlepkg.go:126.2,127.16 2 7
github.com/go-pkgx/bk/bottlepkg/bottlepkg.go:127.16,129.3 1 1
github.com/go-pkgx/bk/bottlepkg/bottlepkg.go:130.2,130.60 1 6
github.com/go-pkgx/bk/bottlepkg/bottlepkg.go:130.60,133.3 2 1
github.com/go-pkgx/bk/bottlepkg/bottlepkg.go:134.2,134.35 1 5
github.com/go-pkgx/bk/bottlepkg/bottlepkg.go:134.35,136.3 1 1
github.com/go-pkgx/bk/bottlepkg/bottlepkg.go:137.2,137.25 1 4
github.com/go-pkgx/bk/bottlepkg/bottlepkg.go:166.54,167.15 1 19
github.com/go-pkgx/bk/bottlepkg/bottlepkg.go:168.24,169.77 1 14
github.com/go-pkgx/bk/bottlepkg/bottlepkg.go:170.23,171.32 1 3
github.com/go-pkgx/bk/bottlepkg/bottlepkg.go:172.10,173.63 1 2
github.com/go-pkgx/bk/bottlepkg/seams.go:25.55,27.3 1 8
github.com/go-pkgx/bk/bottlepkg/seams.go:28.63,30.3 1 4
github.com/go-pkgx/bk/fetch/describe.go:25.39,26.20 1 18
github.com/go-pkgx/bk/fetch/describe.go:26.20,28.3 1 2
github.com/go-pkgx/bk/fetch/describe.go:29.2,29.24 1 16
github.com/go-pkgx/bk/fetch/describe.go:29.24,31.25 2 15
github.com/go-pkgx/bk/fetch/describe.go:31.25,33.4 1 2
github.com/go-pkgx/bk/fetch/describe.go:34.3,37.10 4 15
github.com/go-pkgx/bk/fetch/describe.go:38.86,39.25 1 6
github.com/go-pkgx/bk/fetch/describe.go:40.42,41.28 1 1
github.com/go-pkgx/bk/fetch/describe.go:43.3,43.82 1 15
github.com/go-pkgx/bk/fetch/describe.go:45.2,45.118 1 1
github.com/go-pkgx/bk/fetch/describe.go:51.34,54.26 3 44
github.com/go-pkgx/bk/fetch/describe.go:54.26,56.39 2 3581
github.com/go-pkgx/bk/fetch/describe.go:56.39,59.12 3 112
github.com/go-pkgx/bk/fetch/describe.go:61.3,63.47 3 3469
github.com/go-pkgx/bk/fetch/describe.go:63.47,65.4 1 1894
github.com/go-pkgx/bk/fetch/describe.go:67.2,67.16 1 44
github.com/go-pkgx/bk/fetch/describe.go:67.16,69.3 1 1
github.com/go-pkgx/bk/fetch/describe.go:70.2,70.32 1 43
github.com/go-pkgx/bk/fetch/describe.go:75.36,78.40 3 40
github.com/go-pkgx/bk/fetch/describe.go:78.40,80.3 1 1
github.com/go-pkgx/bk/fetch/describe.go:81.2,81.16 1 39
github.com/go-pkgx/bk/fetch/describe.go:103.68,104.16 1 28
github.com/go-pkgx/bk/fetch/describe.go:104.16,106.3 1 8
github.com/go-pkgx/bk/fetch/describe.go:107.2,107.46 1 20
github.com/go-pkgx/bk/fetch/describe.go:107.46,109.3 1 5
github.com/go-pkgx/bk/fetch/describe.go:110.2,110.67 1 15
github.com/go-pkgx/bk/fetch/describe.go:115.47,116.42 1 23
github.com/go-pkgx/bk/fetch/describe.go:116.42,118.3 1 7
github.com/go-pkgx/bk/fetch/describe.go:119.2,119.11 1 16
github.com/go-pkgx/bk/fetch/download.go:30.43,32.16 2 68
github.com/go-pkgx/bk/fetch/download.go:32.16,34.3 1 1
github.com/go-pkgx/bk/fetch/download.go:35.2,38.58 3 67
github.com/go-pkgx/bk/fetch/download.go:38.58,40.17 2 126
github.com/go-pkgx/bk/fetch/download.go:40.17,44.67 1 13
github.com/go-pkgx/bk/fetch/download.go:44.67,46.13 2 9
github.com/go-pkgx/bk/fetch/download.go:48.4,50.56 3 4
github.com/go-pkgx/bk/fetch/download.go:52.3,52.26 1 113
github.com/go-pkgx/bk/fetch/download.go:53.34,53.34 0 2
github.com/go-pkgx/bk/fetch/download.go:55.22,58.15 1 106
github.com/go-pkgx/bk/fetch/download.go:58.15,62.19 4 6
github.com/go-pkgx/bk/fetch/download.go:62.19,65.6 2 1
github.com/go-pkgx/bk/fetch/download.go:66.5,66.45 1 5
github.com/go-pkgx/bk/fetch/download.go:68.11,72.81 1 5
github.com/go-pkgx/bk/fetch/download.go:72.81,75.13 3 2
github.com/go-pkgx/bk/fetch/download.go:77.4,80.64 4 3
github.com/go-pkgx/bk/fetch/download.go:82.3,82.29 1 107
github.com/go-pkgx/bk/fetch/download.go:82.29,84.4 1 104
github.com/go-pkgx/bk/fetch/download.go:86.3,89.51 4 107
github.com/go-pkgx/bk/fetch/download.go:89.51,97.61 1 97
github.com/go-pkgx/bk/fetch/download.go:97.61,101.19 4 41
github.com/go-pkgx/bk/fetch/download.go:101.19,103.6 1 1
github.com/go-pkgx/bk/fetch/download.go:104.5,106.13 3 40
github.com/go-pkgx/bk/fetch/download.go:108.4,109.20 2 56
github.com/go-pkgx/bk/fetch/download.go:121.3,121.28 1 10
github.com/go-pkgx/bk/fetch/download.go:121.28,125.4 3 1
github.com/go-pkgx/bk/fetch/download.go:129.2,132.36 3 1
github.com/go-pkgx/bk/fetch/download.go:137.69,138.17 1 129
github.com/go-pkgx/bk/fetch/download.go:138.17,140.3 1 118
github.com/go-pkgx/bk/fetch/download.go:141.2,142.16 2 11
github.com/go-pkgx/bk/fetch/download.go:142.16,144.3 1 1
github.com/go-pkgx/bk/fetch/download.go:145.2,146.20 2 10
github.com/go-pkgx/bk/fetch/download.go:156.35,157.16 1 18
github.com/go-pkgx/bk/fetch/download.go:157.16,159.3 1 1
github.com/go-pkgx/bk/fetch/download.go:162.2,162.123 1 17
github.com/go-pkgx/bk/fetch/download.go:162.123,163.29 1 80
github.com/go-pkgx/bk/fetch/download.go:163.29,165.4 1 5
github.com/go-pkgx/bk/fetch/download.go:167.2,168.33 2 12
github.com/go-pkgx/bk/fetch/download.go:186.40,188.9 2 99
github.com/go-pkgx/bk/fetch/download.go:188.9,190.3 1 10
github.com/go-pkgx/bk/fetch/download.go:191.2,192.16 2 89
github.com/go-pkgx/bk/fetch/download.go:192.16,194.3 1 2
github.com/go-pkgx/bk/fetch/download.go:195.2,197.48 3 87
github.com/go-pkgx/bk/fetch/download.go:197.48,200.3 1 6
github.com/go-pkgx/bk/fetch/download.go:201.2,201.33 1 81
github.com/go-pkgx/bk/fetch/fetch.go:55.70,57.16 2 48
github.com/go-pkgx/bk/fetch/fetch.go:57.16,59.3 1 1
github.com/go-pkgx/bk/fetch/fetch.go:62.2,63.16 2 47
github.com/go-pkgx/bk/fetch/fetch.go:63.16,65.3 1 3
github.com/go-pkgx/bk/fetch/fetch.go:66.2,68.16 3 44
github.com/go-pkgx/bk/fetch/fetch.go:68.16,70.3 1 2
github.com/go-pkgx/bk/fetch/fetch.go:71.2,72.16 2 42
github.com/go-pkgx/bk/fetch/fetch.go:72.16,74.3 1 1
github.com/go-pkgx/bk/fetch/fetch.go:75.2,76.51 2 41
github.com/go-pkgx/bk/fetch/fetch.go:76.51,78.3 1 1
github.com/go-pkgx/bk/fetch/fetch.go:82.2,83.14 2 40
github.com/go-pkgx/bk/fetch/fetch.go:84.17,86.17 2 10
github.com/go-pkgx/bk/fetch/fetch.go:86.17,88.4 1 3
github.com/go-pkgx/bk/fetch/fetch.go:89.3,90.73 2 7
github.com/go-pkgx/bk/fetch/fetch.go:91.17,93.17 2 2
github.com/go-pkgx/bk/fetch/fetch.go:93.17,95.4 1 1
github.com/go-pkgx/bk/fetch/fetch.go:96.3,96.73 1 1
github.com/go-pkgx/bk/fetch/fetch.go:97.18,103.54 2 4
github.com/go-pkgx/bk/fetch/fetch.go:104.15,105.106 1 6
github.com/go-pkgx/bk/fetch/fetch.go:106.10,108.17 2 18
github.com/go-pkgx/bk/fetch/fetch.go:108.17,110.4 1 1
github.com/go-pkgx/bk/fetch/fetch.go:111.3,111.91 1 17
github.com/go-pkgx/bk/fetch/fetch.go:120.61,122.16 2 4
github.com/go-pkgx/bk/fetch/fetch.go:122.16,124.3 1 1
github.com/go-pkgx/bk/fetch/fetch.go:125.2,127.16 3 3
github.com/go-pkgx/bk/fetch/fetch.go:127.16,129.3 1 1
github.com/go-pkgx/bk/fetch/fetch.go:130.2,131.51 2 2
github.com/go-pkgx/bk/fetch/fetch.go:131.51,133.3 1 1
github.com/go-pkgx/bk/fetch/fetch.go:134.2,134.54 1 1
github.com/go-pkgx/bk/fetch/fetch.go:145.61,154.4 3 5
github.com/go-pkgx/bk/fetch/fetch.go:154.4,159.17 3 7
github.com/go-pkgx/bk/fetch/fetch.go:159.17,161.4 1 4
github.com/go-pkgx/bk/fetch/fetch.go:162.3,162.16 1 3
github.com/go-pkgx/bk/fetch/fetch.go:164.2,164.76 1 1
github.com/go-pkgx/bk/fetch/fetch.go:169.32,171.47 2 147
github.com/go-pkgx/bk/fetch/fetch.go:171.47,173.3 1 2
github.com/go-pkgx/bk/fetch/fetch.go:174.2,174.9 1 147
github.com/go-pkgx/bk/fetch/fetch.go:175.81,176.19 1 45
github.com/go-pkgx/bk/fetch/fetch.go:177.48,178.19 1 9
github.com/go-pkgx/bk/fetch/fetch.go:179.77,180.20 1 23
github.com/go-pkgx/bk/fetch/fetch.go:181.39,182.17 1 50
github.com/go-pkgx/bk/fetch/fetch.go:183.39,184.17 1 18
github.com/go-pkgx/bk/fetch/fetch.go:186.2,186.11 1 2
github.com/go-pkgx/bk/fetch/fetch.go:193.86,194.66 1 22
github.com/go-pkgx/bk/fetch/fetch.go:194.66,196.3 1 1
github.com/go-pkgx/bk/fetch/fetch.go:197.2,198.25 2 21
github.com/go-pkgx/bk/fetch/fetch.go:198.25,200.3 1 2
github.com/go-pkgx/bk/fetch/fetch.go:201.2,202.16 2 19
github.com/go-pkgx/bk/fetch/fetch.go:202.16,204.3 1 1
github.com/go-pkgx/bk/fetch/fetch.go:205.2,207.67 3 18
github.com/go-pkgx/bk/fetch/fetch.go:207.67,209.3 1 1
github.com/go-pkgx/bk/fetch/fetch.go:210.2,210.26 1 17
github.com/go-pkgx/bk/fetch/fetch.go:215.50,216.27 1 12
github.com/go-pkgx/bk/fetch/fetch.go:216.27,218.3 1 11
github.com/go-pkgx/bk/fetch/fetch.go:219.2,219.17 1 1
github.com/go-pkgx/bk/fetch/fetch.go:223.68,225.16 2 8
github.com/go-pkgx/bk/fetch/fetch.go:225.16,227.3 1 1
github.com/go-pkgx/bk/fetch/fetch.go:228.2,228.40 1 7
github.com/go-pkgx/bk/fetch/fetch.go:228.40,231.3 2 1
github.com/go-pkgx/bk/fetch/fetch.go:232.2,232.18 1 6
github.com/go-pkgx/bk/fetch/fetch.go:243.66,245.2 1 19
github.com/go-pkgx/bk/fetch/fetch.go:258.51,259.17 1 7
github.com/go-pkgx/bk/fetch/fetch.go:259.17,261.3 1 1
github.com/go-pkgx/bk/fetch/fetch.go:262.2,262.48 1 6
github.com/go-pkgx/bk/fetch/fetch.go:262.48,264.3 1 1
github.com/go-pkgx/bk/fetch/fetch.go:265.2,265.12 1 5
github.com/go-pkgx/bk/fetch/fetch.go:271.63,273.56 2 17
github.com/go-pkgx/bk/fetch/fetch.go:273.56,275.3 1 2
github.com/go-pkgx/bk/fetch/fetch.go:276.2,276.28 1 15
github.com/go-pkgx/bk/fetch/fetch.go:276.28,278.17 2 20
github.com/go-pkgx/bk/fetch/fetch.go:278.17,280.4 1 2
github.com/go-pkgx/bk/fetch/fetch.go:281.3,281.10 1 18
github.com/go-pkgx/bk/fetch/fetch.go:281.10,282.12 1 1
github.com/go-pkgx/bk/fetch/fetch.go:284.3,285.10 2 17
github.com/go-pkgx/bk/fetch/fetch.go:286.21,287.66 1 2
github.com/go-pkgx/bk/fetch/fetch.go:287.66,289.5 1 1
github.com/go-pkgx/bk/fetch/fetch.go:290.33,292.18 2 5
github.com/go-pkgx/bk/fetch/fetch.go:292.18,294.5 1 1
github.com/go-pkgx/bk/fetch/fetch.go:295.4,298.18 4 4
github.com/go-pkgx/bk/fetch/fetch.go:298.18,300.5 1 1
github.com/go-pkgx/bk/fetch/fetch.go:301.4,301.66 1 3
github.com/go-pkgx/bk/fetch/fetch.go:301.66,303.5 1 1
github.com/go-pkgx/bk/fetch/fetch.go:304.4,304.59 1 2
github.com/go-pkgx/bk/fetch/fetch.go:304.59,306.5 1 1
github.com/go-pkgx/bk/fetch/fetch.go:307.11,308.66 1 10
github.com/go-pkgx/bk/fetch/fetch.go:308.66,310.5 1 1
github.com/go-pkgx/bk/fetch/fetch.go:311.4,312.18 2 9
github.com/go-pkgx/bk/fetch/fetch.go:312.18,314.5 1 1
github.com/go-pkgx/bk/fetch/fetch.go:315.4,317.18 3 8
github.com/go-pkgx/bk/fetch/fetch.go:317.18,319.5 1 2
github.com/go-pkgx/bk/fetch/fetch.go:320.4,320.58 1 6
github.com/go-pkgx/bk/fetch/fetch.go:320.58,322.5 1 1
github.com/go-pkgx/bk/fetch/fetch.go:325.2,325.12 1 3
github.com/go-pkgx/bk/fetch/fetch.go:336.46,338.16 2 44
github.com/go-pkgx/bk/fetch/fetch.go:338.16,340.3 1 1
github.com/go-pkgx/bk/fetch/fetch.go:341.2,343.44 3 43
github.com/go-pkgx/bk/fetch/fetch.go:343.44,345.3 1 1
github.com/go-pkgx/bk/fetch/fetch.go:346.2,346.44 1 42
github.com/go-pkgx/bk/fetch/fetch.go:352.48,353.17 1 4
github.com/go-pkgx/bk/fetch/fetch.go:353.17,355.3 1 2
github.com/go-pkgx/bk/fetch/fetch.go:356.2,357.16 2 2
github.com/go-pkgx/bk/fetch/fetch.go:357.16,359.3 1 1
github.com/go-pkgx/bk/fetch/fetch.go:360.2,360.28 1 1
github.com/go-pkgx/bk/fetch/seams.go:57.57,59.2 1 12
github.com/go-pkgx/bk/fetch/seams.go:62.55,64.16 2 93
github.com/go-pkgx/bk/fetch/seams.go:64.16,66.3 1 1
github.com/go-pkgx/bk/fetch/seams.go:67.2,67.25 1 92
github.com/go-pkgx/bk/fetch/seams.go:71.61,72.40 1 102
github.com/go-pkgx/bk/fetch/seams.go:72.40,74.3 1 101
github.com/go-pkgx/bk/fetch/seams.go:75.2,75.35 1 102
github.com/go-pkgx/bk/fixup/fixup.go:33.48,34.18 1 32
github.com/go-pkgx/bk/fixup/fixup.go:34.18,36.3 1 9
github.com/go-pkgx/bk/fixup/fixup.go:39.41,40.26 1 160
github.com/go-pkgx/bk/fixup/fixup.go:40.26,41.13 1 13
github.com/go-pkgx/bk/fixup/fixup.go:41.13,43.4 1 5
github.com/go-pkgx/bk/fixup/fixup.go:45.2,45.14 1 155
github.com/go-pkgx/bk/fixup/fixup.go:49.32,50.32 1 68
github.com/go-pkgx/bk/fixup/fixup.go:50.32,53.3 2 1
github.com/go-pkgx/bk/fixup/fixup.go:54.2,54.40 1 67
github.com/go-pkgx/bk/fixup/fixup.go:54.40,56.3 1 7
github.com/go-pkgx/bk/fixup/fixup.go:57.2,57.77 1 60
github.com/go-pkgx/bk/fixup/fixup.go:57.77,59.3 1 4
github.com/go-pkgx/bk/fixup/fixup.go:60.2,60.80 1 56
github.com/go-pkgx/bk/fixup/fixup.go:60.80,62.3 1 4
github.com/go-pkgx/bk/fixup/fixup.go:63.2,63.84 1 52
github.com/go-pkgx/bk/fixup/fixup.go:63.84,65.3 1 1
github.com/go-pkgx/bk/fixup/fixup.go:66.2,66.41 1 51
github.com/go-pkgx/bk/fixup/fixup.go:66.41,67.62 1 50
github.com/go-pkgx/bk/fixup/fixup.go:67.62,69.4 1 3
github.com/go-pkgx/bk/fixup/fixup.go:70.8,72.3 1 1
github.com/go-pkgx/bk/fixup/fixup.go:73.2,73.30 1 48
github.com/go-pkgx/bk/fixup/fixup.go:73.30,74.65 1 29
github.com/go-pkgx/bk/fixup/fixup.go:74.65,76.4 1 5
github.com/go-pkgx/bk/fixup/fixup.go:78.2,78.42 1 43
github.com/go-pkgx/bk/fixup/fixup.go:78.42,79.63 1 42
github.com/go-pkgx/bk/fixup/fixup.go:79.63,81.4 1 7
github.com/go-pkgx/bk/fixup/fixup.go:82.8,84.3 1 1
github.com/go-pkgx/bk/fixup/fixup.go:85.2,85.12 1 36
github.com/go-pkgx/bk/fixup/fixup.go:90.78,91.48 1 60
github.com/go-pkgx/bk/fixup/fixup.go:91.48,93.16 2 120
github.com/go-pkgx/bk/fixup/fixup.go:93.16,94.12 1 113
github.com/go-pkgx/bk/fixup/fixup.go:96.3,97.17 2 7
github.com/go-pkgx/bk/fixup/fixup.go:97.17,99.4 1 1
github.com/go-pkgx/bk/fixup/fixup.go:100.3,100.26 1 6
github.com/go-pkgx/bk/fixup/fixup.go:100.26,101.52 1 7
github.com/go-pkgx/bk/fixup/fixup.go:101.52,102.13 1 1
github.com/go-pkgx/bk/fixup/fixup.go:104.4,106.89 3 6
github.com/go-pkgx/bk/fixup/fixup.go:106.89,108.5 1 3
github.com/go-pkgx/bk/fixup/fixup.go:111.2,111.12 1 56
github.com/go-pkgx/bk/fixup/fixup.go:116.81,118.19 2 56
github.com/go-pkgx/bk/fixup/fixup.go:118.19,120.3 1 50
github.com/go-pkgx/bk/fixup/fixup.go:121.2,121.52 1 6
github.com/go-pkgx/bk/fixup/fixup.go:125.82,127.16 2 8
github.com/go-pkgx/bk/fixup/fixup.go:127.16,129.3 1 2
github.com/go-pkgx/bk/fixup/fixup.go:130.2,130.25 1 6
github.com/go-pkgx/bk/fixup/fixup.go:130.25,132.16 2 7
github.com/go-pkgx/bk/fixup/fixup.go:132.16,133.66 1 2
github.com/go-pkgx/bk/fixup/fixup.go:133.66,135.5 1 1
github.com/go-pkgx/bk/fixup/fixup.go:136.4,136.12 1 1
github.com/go-pkgx/bk/fixup/fixup.go:138.3,138.34 1 5
github.com/go-pkgx/bk/fixup/fixup.go:138.34,139.12 1 1
github.com/go-pkgx/bk/fixup/fixup.go:141.3,142.101 2 4
github.com/go-pkgx/bk/fixup/fixup.go:142.101,144.4 1 2
github.com/go-pkgx/bk/fixup/fixup.go:146.2,146.12 1 3
github.com/go-pkgx/bk/fixup/fixup.go:151.91,153.16 2 16
github.com/go-pkgx/bk/fixup/fixup.go:153.16,155.3 1 1
github.com/go-pkgx/bk/fixup/fixup.go:156.2,158.24 3 15
github.com/go-pkgx/bk/fixup/fixup.go:158.24,160.3 1 8
github.com/go-pkgx/bk/fixup/fixup.go:163.2,163.18 1 15
github.com/go-pkgx/bk/fixup/fixup.go:163.18,165.3 1 9
github.com/go-pkgx/bk/fixup/fixup.go:166.2,166.18 1 15
github.com/go-pkgx/bk/fixup/fixup.go:166.18,169.17 3 14
github.com/go-pkgx/bk/fixup/fixup.go:169.17,171.4 1 1
github.com/go-pkgx/bk/fixup/fixup.go:172.3,173.17 2 13
github.com/go-pkgx/bk/fixup/fixup.go:173.17,175.4 1 1
github.com/go-pkgx/bk/fixup/fixup.go:176.3,177.61 2 12
github.com/go-pkgx/bk/fixup/fixup.go:179.2,179.12 1 1
github.com/go-pkgx/bk/fixup/fixup.go:184.67,186.17 2 50
github.com/go-pkgx/bk/fixup/fixup.go:186.17,188.3 1 38
github.com/go-pkgx/bk/fixup/fixup.go:189.2,190.16 2 12
github.com/go-pkgx/bk/fixup/fixup.go:190.16,192.3 1 1
github.com/go-pkgx/bk/fixup/fixup.go:193.2,193.25 1 11
github.com/go-pkgx/bk/fixup/fixup.go:193.25,194.51 1 12
github.com/go-pkgx/bk/fixup/fixup.go:194.51,195.12 1 9
github.com/go-pkgx/bk/fixup/fixup.go:197.3,199.37 3 3
github.com/go-pkgx/bk/fixup/fixup.go:199.37,201.4 1 2
github.com/go-pkgx/bk/fixup/fixup.go:203.2,203.12 1 9
github.com/go-pkgx/bk/fixup/fixup.go:208.70,211.64 3 29
github.com/go-pkgx/bk/fixup/fixup.go:211.64,213.3 1 23
github.com/go-pkgx/bk/fixup/fixup.go:214.2,215.47 2 6
github.com/go-pkgx/bk/fixup/fixup.go:215.47,217.3 1 1
github.com/go-pkgx/bk/fixup/fixup.go:218.2,219.16 2 5
github.com/go-pkgx/bk/fixup/fixup.go:219.16,221.3 1 1
github.com/go-pkgx/bk/fixup/fixup.go:222.2,222.25 1 4
github.com/go-pkgx/bk/fixup/fixup.go:222.25,223.96 1 4
github.com/go-pkgx/bk/fixup/fixup.go:223.96,225.4 1 1
github.com/go-pkgx/bk/fixup/fixup.go:227.2,227.40 1 3
github.com/go-pkgx/bk/fixup/fixup.go:227.40,229.3 1 1
github.com/go-pkgx/bk/fixup/fixup.go:230.2,231.32 2 2
github.com/go-pkgx/bk/fixup/fixup.go:237.68,239.21 2 42
github.com/go-pkgx/bk/fixup/fixup.go:239.21,241.3 1 32
github.com/go-pkgx/bk/fixup/fixup.go:242.2,243.16 2 10
github.com/go-pkgx/bk/fixup/fixup.go:243.16,245.3 1 1
github.com/go-pkgx/bk/fixup/fixup.go:246.2,246.40 1 9
github.com/go-pkgx/bk/fixup/fixup.go:246.40,248.3 1 1
github.com/go-pkgx/bk/fixup/fixup.go:249.2,252.16 4 8
github.com/go-pkgx/bk/fixup/fixup.go:252.16,254.3 1 2
github.com/go-pkgx/bk/fixup/fixup.go:255.2,256.28 2 6
github.com/go-pkgx/bk/fixup/fixup.go:256.28,257.47 1 7
github.com/go-pkgx/bk/fixup/fixup.go:257.47,259.4 1 1
github.com/go-pkgx/bk/fixup/fixup.go:261.2,261.24 1 6
github.com/go-pkgx/bk/fixup/fixup.go:261.24,264.3 2 1
github.com/go-pkgx/bk/fixup/fixup.go:265.2,265.28 1 5
github.com/go-pkgx/bk/fixup/fixup.go:265.28,266.101 1 6
github.com/go-pkgx/bk/fixup/fixup.go:266.101,268.4 1 2
github.com/go-pkgx/bk/fixup/fixup.go:270.2,270.41 1 3
github.com/go-pkgx/bk/fixup/fixup.go:270.41,272.3 1 1
github.com/go-pkgx/bk/fixup/fixup.go:273.2,274.31 2 2
github.com/go-pkgx/bk/fixup/fixup.go:277.27,280.2 2 469
github.com/go-pkgx/bk/fixup/fixup.go:284.40,286.16 2 12
github.com/go-pkgx/bk/fixup/fixup.go:286.16,288.3 1 1
github.com/go-pkgx/bk/fixup/fixup.go:289.2,289.28 1 11
github.com/go-pkgx/bk/fixup/headers.go:6.44,23.4 2 1
github.com/go-pkgx/bk/fixup/headers.go:23.4,25.3 1 51
github.com/go-pkgx/bk/fixup/headers.go:26.2,26.10 1 1
github.com/go-pkgx/bk/fixup/macho.go:28.38,29.13 1 438
github.com/go-pkgx/bk/fixup/macho.go:30.73,31.14 1 197
github.com/go-pkgx/bk/fixup/macho.go:33.2,33.14 1 241
github.com/go-pkgx/bk/fixup/macho.go:37.32,40.2 2 28
github.com/go-pkgx/bk/fixup/macho.go:53.59,55.16 2 148
github.com/go-pkgx/bk/fixup/macho.go:55.16,57.3 1 5
github.com/go-pkgx/bk/fixup/macho.go:58.2,59.16 2 143
github.com/go-pkgx/bk/fixup/macho.go:59.16,61.3 1 11
github.com/go-pkgx/bk/fixup/macho.go:62.2,62.25 1 132
github.com/go-pkgx/bk/fixup/macho.go:68.52,69.19 1 143
github.com/go-pkgx/bk/fixup/macho.go:69.19,70.39 1 141
github.com/go-pkgx/bk/fixup/macho.go:71.23,73.18 2 7
github.com/go-pkgx/bk/fixup/macho.go:73.18,75.5 1 2
github.com/go-pkgx/bk/fixup/macho.go:76.4,77.32 2 5
github.com/go-pkgx/bk/fixup/macho.go:77.32,79.33 2 10
github.com/go-pkgx/bk/fixup/macho.go:79.33,81.6 1 10
github.com/go-pkgx/bk/fixup/macho.go:82.5,82.119 1 10
github.com/go-pkgx/bk/fixup/macho.go:84.4,84.19 1 5
github.com/go-pkgx/bk/fixup/macho.go:85.19,86.27 1 7
github.com/go-pkgx/bk/fixup/macho.go:89.2,90.16 2 129
github.com/go-pkgx/bk/fixup/macho.go:90.16,92.3 1 6
github.com/go-pkgx/bk/fixup/macho.go:93.2,93.30 1 123
github.com/go-pkgx/bk/fixup/macho.go:100.52,104.29 4 7
github.com/go-pkgx/bk/fixup/macho.go:104.29,106.22 2 11
github.com/go-pkgx/bk/fixup/macho.go:106.22,108.4 1 1
github.com/go-pkgx/bk/fixup/macho.go:109.3,110.17 2 10
github.com/go-pkgx/bk/fixup/macho.go:110.17,112.4 1 2
github.com/go-pkgx/bk/fixup/macho.go:113.3,113.24 1 8
github.com/go-pkgx/bk/fixup/macho.go:115.2,115.17 1 4
github.com/go-pkgx/bk/fixup/macho.go:119.63,120.66 1 139
github.com/go-pkgx/bk/fixup/macho.go:120.66,122.3 1 2
github.com/go-pkgx/bk/fixup/macho.go:123.2,124.16 2 137
github.com/go-pkgx/bk/fixup/macho.go:124.16,126.3 1 6
github.com/go-pkgx/bk/fixup/macho.go:127.2,128.30 2 131
github.com/go-pkgx/bk/fixup/macho.go:128.30,130.3 1 131
github.com/go-pkgx/bk/fixup/macho.go:131.2,133.16 3 131
github.com/go-pkgx/bk/fixup/macho.go:139.126,142.49 3 116
github.com/go-pkgx/bk/fixup/macho.go:142.49,145.38 3 440
github.com/go-pkgx/bk/fixup/macho.go:145.38,146.9 1 2
github.com/go-pkgx/bk/fixup/macho.go:148.3,148.26 1 438
github.com/go-pkgx/bk/fixup/macho.go:148.26,151.35 3 197
github.com/go-pkgx/bk/fixup/macho.go:151.35,153.41 2 196
github.com/go-pkgx/bk/fixup/macho.go:153.41,154.30 1 44
github.com/go-pkgx/bk/fixup/macho.go:154.30,156.7 1 3
github.com/go-pkgx/bk/fixup/macho.go:157.6,157.35 1 41
github.com/go-pkgx/bk/fixup/macho.go:157.35,159.7 1 2536
github.com/go-pkgx/bk/fixup/macho.go:160.6,161.20 2 41
github.com/go-pkgx/bk/fixup/macho.go:165.3,165.14 1 435
github.com/go-pkgx/bk/fixup/macho.go:167.2,167.21 1 113
github.com/go-pkgx/bk/fixup/macho.go:173.54,175.16 2 37
github.com/go-pkgx/bk/fixup/macho.go:175.16,177.3 1 5
github.com/go-pkgx/bk/fixup/macho.go:178.2,179.28 2 32
github.com/go-pkgx/bk/fixup/macho.go:179.28,180.104 1 36
github.com/go-pkgx/bk/fixup/macho.go:180.104,183.4 2 69
github.com/go-pkgx/bk/fixup/macho.go:185.2,185.17 1 32
github.com/go-pkgx/bk/fixup/macho.go:197.69,198.70 1 34
github.com/go-pkgx/bk/fixup/macho.go:198.70,198.86 1 39
github.com/go-pkgx/bk/fixup/macho.go:204.80,206.16 2 46
github.com/go-pkgx/bk/fixup/macho.go:206.16,208.3 1 2
github.com/go-pkgx/bk/fixup/macho.go:209.2,210.28 2 44
github.com/go-pkgx/bk/fixup/macho.go:210.28,214.17 4 46
github.com/go-pkgx/bk/fixup/macho.go:214.17,216.4 1 3
github.com/go-pkgx/bk/fixup/macho.go:220.3,220.9 1 43
github.com/go-pkgx/bk/fixup/macho.go:220.9,221.72 1 40
github.com/go-pkgx/bk/fixup/macho.go:221.72,223.5 1 9
github.com/go-pkgx/bk/fixup/macho.go:226.2,226.14 1 32
github.com/go-pkgx/bk/fixup/macho.go:226.14,228.3 1 3
github.com/go-pkgx/bk/fixup/macho.go:229.2,230.16 2 29
github.com/go-pkgx/bk/fixup/macho.go:230.16,232.3 1 1
github.com/go-pkgx/bk/fixup/macho.go:233.2,234.16 2 28
github.com/go-pkgx/bk/fixup/macho.go:234.16,236.3 1 1
github.com/go-pkgx/bk/fixup/macho.go:237.2,238.37 2 27
github.com/go-pkgx/bk/fixup/macho.go:242.49,244.16 2 31
github.com/go-pkgx/bk/fixup/macho.go:244.16,246.3 1 2
github.com/go-pkgx/bk/fixup/macho.go:247.2,248.28 2 29
github.com/go-pkgx/bk/fixup/macho.go:248.28,249.106 1 29
github.com/go-pkgx/bk/fixup/macho.go:249.106,250.22 1 61
github.com/go-pkgx/bk/fixup/macho.go:250.22,252.5 1 16
github.com/go-pkgx/bk/fixup/macho.go:253.4,253.12 1 61
github.com/go-pkgx/bk/fixup/macho.go:256.2,256.17 1 29
github.com/go-pkgx/bk/fixup/macho.go:263.58,265.27 2 22
github.com/go-pkgx/bk/fixup/macho.go:265.27,267.10 2 15
github.com/go-pkgx/bk/fixup/macho.go:268.89,270.47 2 11
github.com/go-pkgx/bk/fixup/macho.go:271.26,272.27 1 2
github.com/go-pkgx/bk/fixup/macho.go:273.11,274.12 1 2
github.com/go-pkgx/bk/fixup/macho.go:276.3,276.18 1 13
github.com/go-pkgx/bk/fixup/macho.go:276.18,278.4 1 10
github.com/go-pkgx/bk/fixup/macho.go:280.2,280.14 1 12
github.com/go-pkgx/bk/fixup/macho.go:285.45,286.15 1 25
github.com/go-pkgx/bk/fixup/macho.go:286.15,288.3 1 1
github.com/go-pkgx/bk/fixup/macho.go:289.2,290.54 2 24
github.com/go-pkgx/bk/fixup/macho.go:290.54,292.3 1 8
github.com/go-pkgx/bk/fixup/macho.go:293.2,293.45 1 16
github.com/go-pkgx/bk/fixup/macho.go:299.51,300.19 1 21
github.com/go-pkgx/bk/fixup/macho.go:300.19,302.3 1 3
github.com/go-pkgx/bk/fixup/macho.go:317.2,318.24 2 18
github.com/go-pkgx/bk/fixup/macho.go:318.24,320.17 2 15
github.com/go-pkgx/bk/fixup/macho.go:320.17,322.4 1 1
github.com/go-pkgx/bk/fixup/macho.go:323.3,324.15 2 14
github.com/go-pkgx/bk/fixup/macho.go:324.15,326.4 1 7
github.com/go-pkgx/bk/fixup/macho.go:328.2,328.41 1 17
github.com/go-pkgx/bk/fixup/macho.go:328.41,333.3 1 5
github.com/go-pkgx/bk/fixup/macho.go:334.2,334.71 1 12
github.com/go-pkgx/bk/fixup/macho.go:334.71,335.30 1 26
github.com/go-pkgx/bk/fixup/macho.go:335.30,337.4 1 6
github.com/go-pkgx/bk/fixup/macho.go:340.3,340.33 1 26
github.com/go-pkgx/bk/fixup/macho.go:340.33,342.4 1 13
github.com/go-pkgx/bk/fixup/macho.go:350.3,350.72 1 13
github.com/go-pkgx/bk/fixup/macho.go:350.72,353.50 3 5
github.com/go-pkgx/bk/fixup/macho.go:353.50,355.5 1 4
github.com/go-pkgx/bk/fixup/macho.go:356.4,356.12 1 1
github.com/go-pkgx/bk/fixup/macho.go:358.3,358.45 1 8
github.com/go-pkgx/bk/fixup/macho.go:358.45,378.4 3 5
github.com/go-pkgx/bk/fixup/macho.go:379.3,379.11 1 3
github.com/go-pkgx/bk/fixup/macho.go:381.2,381.32 1 12
github.com/go-pkgx/bk/fixup/macho.go:381.32,384.3 2 1
github.com/go-pkgx/bk/fixup/macho.go:385.2,385.16 1 11
github.com/go-pkgx/bk/fixup/macho.go:385.16,387.3 1 1
github.com/go-pkgx/bk/fixup/macho.go:388.2,388.34 1 10
github.com/go-pkgx/bk/fixup/macho.go:411.45,413.16 2 17
github.com/go-pkgx/bk/fixup/macho.go:413.16,415.3 1 1
github.com/go-pkgx/bk/fixup/macho.go:416.2,417.16 2 16
github.com/go-pkgx/bk/fixup/macho.go:417.16,419.3 1 1
github.com/go-pkgx/bk/fixup/macho.go:420.2,420.21 1 15
github.com/go-pkgx/bk/fixup/macho.go:420.21,422.3 1 8
github.com/go-pkgx/bk/fixup/macho.go:423.2,423.25 1 7
github.com/go-pkgx/bk/fixup/macho.go:423.25,424.38 1 9
github.com/go-pkgx/bk/fixup/macho.go:424.38,426.4 1 2
github.com/go-pkgx/bk/fixup/macho.go:428.2,428.12 1 5
github.com/go-pkgx/bk/fixup/macho.go:432.28,433.22 1 196
github.com/go-pkgx/bk/fixup/macho.go:433.22,434.13 1 9426
github.com/go-pkgx/bk/fixup/macho.go:434.13,436.4 1 195
github.com/go-pkgx/bk/fixup/macho.go:438.2,438.18 1 1
github.com/go-pkgx/bk/fixup/machosign.go:68.82,70.2 1 41
github.com/go-pkgx/bk/fixup/machosign.go:74.96,76.9 2 46
github.com/go-pkgx/bk/fixup/machosign.go:76.9,78.3 1 19
github.com/go-pkgx/bk/fixup/machosign.go:79.2,79.27 1 27
github.com/go-pkgx/bk/fixup/machosign.go:79.27,81.3 1 1
github.com/go-pkgx/bk/fixup/machosign.go:82.2,82.59 1 26
github.com/go-pkgx/bk/fixup/machosign.go:93.53,95.16 2 6
github.com/go-pkgx/bk/fixup/machosign.go:95.16,97.3 1 1
github.com/go-pkgx/bk/fixup/machosign.go:98.2,98.28 1 5
github.com/go-pkgx/bk/fixup/machosign.go:98.28,100.17 2 5
github.com/go-pkgx/bk/fixup/machosign.go:100.17,102.4 1 1
github.com/go-pkgx/bk/fixup/machosign.go:103.3,103.12 1 4
github.com/go-pkgx/bk/fixup/machosign.go:103.12,105.4 1 2
github.com/go-pkgx/bk/fixup/machosign.go:107.2,107.19 1 2
github.com/go-pkgx/bk/fixup/machosign.go:112.98,114.49 2 46
github.com/go-pkgx/bk/fixup/machosign.go:114.49,117.34 3 142
github.com/go-pkgx/bk/fixup/machosign.go:117.34,119.4 1 1
github.com/go-pkgx/bk/fixup/machosign.go:120.3,120.41 1 141
github.com/go-pkgx/bk/fixup/machosign.go:120.41,122.4 1 27
github.com/go-pkgx/bk/fixup/machosign.go:123.3,123.10 1 114
github.com/go-pkgx/bk/fixup/machosign.go:125.2,125.20 1 18
github.com/go-pkgx/bk/fixup/machosign.go:135.67,137.65 2 26
github.com/go-pkgx/bk/fixup/machosign.go:137.65,141.3 1 1
github.com/go-pkgx/bk/fixup/machosign.go:142.2,143.27 2 25
github.com/go-pkgx/bk/fixup/machosign.go:143.27,145.3 1 1
github.com/go-pkgx/bk/fixup/machosign.go:146.2,147.29 2 24
github.com/go-pkgx/bk/fixup/machosign.go:147.29,149.30 2 26
github.com/go-pkgx/bk/fixup/machosign.go:149.30,151.4 1 1
github.com/go-pkgx/bk/fixup/machosign.go:152.3,152.49 1 25
github.com/go-pkgx/bk/fixup/machosign.go:152.49,153.12 1 1
github.com/go-pkgx/bk/fixup/machosign.go:155.3,156.41 2 24
github.com/go-pkgx/bk/fixup/machosign.go:156.41,158.4 1 1
github.com/go-pkgx/bk/fixup/machosign.go:159.3,160.17 2 23
github.com/go-pkgx/bk/fixup/machosign.go:160.17,162.4 1 6
github.com/go-pkgx/bk/fixup/machosign.go:165.3,165.23 1 17
github.com/go-pkgx/bk/fixup/machosign.go:165.23,167.4 1 16
github.com/go-pkgx/bk/fixup/machosign.go:168.3,168.24 1 17
github.com/go-pkgx/bk/fixup/machosign.go:168.24,170.4 1 2
github.com/go-pkgx/bk/fixup/machosign.go:172.2,172.18 1 14
github.com/go-pkgx/bk/fixup/machosign.go:180.70,193.59 3 23
github.com/go-pkgx/bk/fixup/machosign.go:193.59,195.3 1 18
github.com/go-pkgx/bk/fixup/machosign.go:196.2,197.20 2 23
github.com/go-pkgx/bk/fixup/machosign.go:197.20,199.3 1 2
github.com/go-pkgx/bk/fixup/machosign.go:200.2,200.44 1 21
github.com/go-pkgx/bk/fixup/machosign.go:200.44,202.3 1 1
github.com/go-pkgx/bk/fixup/machosign.go:203.2,203.52 1 20
github.com/go-pkgx/bk/fixup/machosign.go:203.52,205.3 1 1
github.com/go-pkgx/bk/fixup/machosign.go:206.2,206.53 1 19
github.com/go-pkgx/bk/fixup/machosign.go:206.53,208.3 1 1
github.com/go-pkgx/bk/fixup/machosign.go:210.2,211.20 2 18
github.com/go-pkgx/bk/fixup/machosign.go:211.20,213.3 1 1
github.com/go-pkgx/bk/fixup/machosign.go:214.2,215.29 2 18
github.com/go-pkgx/bk/fixup/machosign.go:215.29,217.24 2 63
github.com/go-pkgx/bk/fixup/machosign.go:217.24,219.4 1 1
github.com/go-pkgx/bk/fixup/machosign.go:220.3,221.22 2 62
github.com/go-pkgx/bk/fixup/machosign.go:221.22,223.4 1 15
github.com/go-pkgx/bk/fixup/machosign.go:224.3,228.12 5 62
github.com/go-pkgx/bk/fixup/machosign.go:228.12,230.12 2 57
github.com/go-pkgx/bk/fixup/machosign.go:232.3,232.30 1 5
github.com/go-pkgx/bk/fixup/machosign.go:232.30,234.4 1 2
github.com/go-pkgx/bk/fixup/machosign.go:236.2,236.19 1 15
github.com/go-pkgx/bk/fixup/machosign.go:242.48,243.11 1 23
github.com/go-pkgx/bk/fixup/machosign.go:244.18,245.27 1 1
github.com/go-pkgx/bk/fixup/machosign.go:245.27,245.48 1 3
github.com/go-pkgx/bk/fixup/machosign.go:246.43,247.27 1 19
github.com/go-pkgx/bk/fixup/machosign.go:247.27,247.50 1 56
github.com/go-pkgx/bk/fixup/machosign.go:248.20,249.27 1 1
github.com/go-pkgx/bk/fixup/machosign.go:249.27,249.53 1 3
github.com/go-pkgx/bk/fixup/machosign.go:251.2,251.15 1 2
github.com/go-pkgx/bk/fixup/rpath.go:26.47,28.16 2 15
github.com/go-pkgx/bk/fixup/rpath.go:28.16,30.3 1 1
github.com/go-pkgx/bk/fixup/rpath.go:31.2,32.69 2 14
github.com/go-pkgx/bk/fixup/rpath.go:32.69,34.3 1 12
github.com/go-pkgx/bk/fixup/rpath.go:35.2,35.67 1 2
github.com/go-pkgx/bk/fixup/rpath.go:35.67,37.3 1 1
github.com/go-pkgx/bk/fixup/rpath.go:38.2,38.16 1 1
github.com/go-pkgx/bk/fixup/rpath.go:42.48,44.16 2 3
github.com/go-pkgx/bk/fixup/rpath.go:44.16,46.3 1 1
github.com/go-pkgx/bk/fixup/rpath.go:47.2,48.35 2 2
github.com/go-pkgx/bk/fixup/rpath.go:53.37,55.16 2 17
github.com/go-pkgx/bk/fixup/rpath.go:55.16,57.3 1 10
github.com/go-pkgx/bk/fixup/rpath.go:58.2,59.68 2 7
github.com/go-pkgx/bk/fixup/rpath.go:67.43,69.16 2 14
github.com/go-pkgx/bk/fixup/rpath.go:69.16,71.3 1 1
github.com/go-pkgx/bk/fixup/rpath.go:72.2,75.36 4 13
github.com/go-pkgx/bk/fixup/rpath.go:75.36,78.3 2 1
github.com/go-pkgx/bk/fixup/rpath.go:79.2,80.16 2 12
github.com/go-pkgx/bk/fixup/rpath.go:80.16,83.3 2 1
github.com/go-pkgx/bk/fixup/rpath.go:84.2,87.9 3 11
github.com/go-pkgx/bk/fixup/rpath.go:87.9,89.3 1 1
github.com/go-pkgx/bk/fixup/rpath.go:91.2,92.16 2 10
github.com/go-pkgx/bk/fixup/rpath.go:92.16,94.3 1 1
github.com/go-pkgx/bk/fixup/rpath.go:95.2,97.16 3 9
github.com/go-pkgx/bk/fixup/rpath.go:97.16,99.3 1 0
github.com/go-pkgx/bk/fixup/rpath.go:100.2,107.38 6 9
github.com/go-pkgx/bk/fixup/rpath.go:107.38,109.3 1 598
github.com/go-pkgx/bk/fixup/rpath.go:110.2,110.25 1 9
github.com/go-pkgx/bk/fixup/rpath.go:110.25,112.3 1 2
github.com/go-pkgx/bk/fixup/rpath.go:113.2,115.49 3 7
github.com/go-pkgx/bk/fixup/rpath.go:115.49,117.3 1 1
github.com/go-pkgx/bk/fixup/rpath.go:118.2,118.12 1 6
github.com/go-pkgx/bk/fixup/rpath.go:123.91,127.29 4 16
github.com/go-pkgx/bk/fixup/rpath.go:127.29,129.3 1 1
github.com/go-pkgx/bk/fixup/rpath.go:130.2,130.44 1 16
github.com/go-pkgx/bk/fixup/rpath.go:130.44,133.30 3 29
github.com/go-pkgx/bk/fixup/rpath.go:133.30,136.4 2 27
github.com/go-pkgx/bk/fixup/rpath.go:136.9,139.4 2 2
github.com/go-pkgx/bk/fixup/rpath.go:140.3,140.26 1 29
github.com/go-pkgx/bk/fixup/rpath.go:141.23,142.20 1 11
github.com/go-pkgx/bk/fixup/rpath.go:143.21,144.32 1 3
github.com/go-pkgx/bk/fixup/rpath.go:145.20,147.17 1 3
github.com/go-pkgx/bk/fixup/rpath.go:147.17,149.5 1 1
github.com/go-pkgx/bk/fixup/rpath.go:150.4,150.19 1 2
github.com/go-pkgx/bk/fixup/rpath.go:153.2,153.15 1 2
github.com/go-pkgx/bk/fixup/rpath.go:153.15,155.3 1 1
github.com/go-pkgx/bk/fixup/rpath.go:156.2,156.17 1 1
github.com/go-pkgx/bk/fixup/rpath.go:161.36,162.23 1 67
github.com/go-pkgx/bk/fixup/rpath.go:163.15,164.38 1 44
github.com/go-pkgx/bk/fixup/rpath.go:164.38,167.4 2 2
github.com/go-pkgx/bk/fixup/rpath.go:168.3,168.55 1 42
github.com/go-pkgx/bk/fixup/rpath.go:168.55,170.4 1 14
github.com/go-pkgx/bk/fixup/rpath.go:171.16,172.36 1 22
github.com/go-pkgx/bk/fixup/rpath.go:172.36,175.4 2 1
github.com/go-pkgx/bk/fixup/rpath.go:176.3,176.55 1 21
github.com/go-pkgx/bk/fixup/rpath.go:176.55,178.4 1 19
github.com/go-pkgx/bk/fixup/rpath.go:179.10,180.13 1 1
github.com/go-pkgx/bk/fixup/rpath.go:184.53,185.24 1 14
github.com/go-pkgx/bk/fixup/rpath.go:185.24,187.3 1 9
github.com/go-pkgx/bk/fixup/rpath.go:188.2,193.24 5 5
github.com/go-pkgx/bk/fixup/rpath.go:193.24,194.26 1 12
github.com/go-pkgx/bk/fixup/rpath.go:194.26,197.4 2 11
github.com/go-pkgx/bk/fixup/rpath.go:204.2,204.59 1 5
github.com/go-pkgx/bk/fixup/rpath.go:204.59,205.45 1 5
github.com/go-pkgx/bk/fixup/rpath.go:205.45,206.11 1 9
github.com/go-pkgx/bk/fixup/rpath.go:207.41,208.11 1 4
github.com/go-pkgx/bk/fixup/rpath.go:209.53,210.30 1 1
github.com/go-pkgx/bk/fixup/rpath.go:218.2,219.36 2 5
github.com/go-pkgx/bk/fixup/rpath.go:219.36,221.3 1 2
github.com/go-pkgx/bk/fixup/rpath.go:222.2,223.64 2 5
github.com/go-pkgx/bk/fixup/rpath.go:223.64,227.3 2 1
github.com/go-pkgx/bk/fixup/rpath.go:228.2,228.12 1 4
github.com/go-pkgx/bk/fixup/rpath.go:245.54,246.41 1 15
github.com/go-pkgx/bk/fixup/rpath.go:246.41,248.3 1 1
github.com/go-pkgx/bk/fixup/rpath.go:249.2,249.42 1 14
github.com/go-pkgx/bk/fixup/rpath.go:249.42,251.3 1 4
github.com/go-pkgx/bk/fixup/rpath.go:252.2,252.49 1 10
github.com/go-pkgx/bk/fixup/rpath.go:257.41,258.37 1 11
github.com/go-pkgx/bk/fixup/rpath.go:258.37,260.3 1 1
github.com/go-pkgx/bk/fixup/rpath.go:261.2,262.16 2 10
github.com/go-pkgx/bk/fixup/rpath.go:262.16,264.3 1 1
github.com/go-pkgx/bk/fixup/rpath.go:265.2,265.43 1 9
github.com/go-pkgx/bk/fixup/rpath.go:269.59,270.56 1 63
github.com/go-pkgx/bk/fixup/rpath.go:270.56,272.16 2 177
github.com/go-pkgx/bk/fixup/rpath.go:272.16,273.12 1 133
github.com/go-pkgx/bk/fixup/rpath.go:275.3,275.77 1 44
github.com/go-pkgx/bk/fixup/rpath.go:275.77,276.18 1 113
github.com/go-pkgx/bk/fixup/rpath.go:276.18,278.5 1 3
github.com/go-pkgx/bk/fixup/rpath.go:279.4,279.29 1 110
github.com/go-pkgx/bk/fixup/rpath.go:279.29,281.5 1 63
github.com/go-pkgx/bk/fixup/rpath.go:282.4,282.27 1 47
github.com/go-pkgx/bk/fixup/rpath.go:283.56,284.15 1 14
github.com/go-pkgx/bk/fixup/rpath.go:286.4,286.16 1 33
github.com/go-pkgx/bk/fixup/rpath.go:288.3,288.17 1 44
github.com/go-pkgx/bk/fixup/rpath.go:288.17,290.4 1 7
github.com/go-pkgx/bk/fixup/rpath.go:292.2,292.12 1 56
github.com/go-pkgx/bk/fixup/stagingscripts.go:34.85,35.50 1 59
github.com/go-pkgx/bk/fixup/stagingscripts.go:35.50,37.3 1 49
github.com/go-pkgx/bk/fixup/stagingscripts.go:38.2,38.58 1 10
github.com/go-pkgx/bk/fixup/stagingscripts.go:38.58,39.93 1 20
github.com/go-pkgx/bk/fixup/stagingscripts.go:39.93,41.4 1 5
github.com/go-pkgx/bk/fixup/stagingscripts.go:43.2,43.12 1 5
github.com/go-pkgx/bk/fixup/stagingscripts.go:48.84,49.17 1 22
github.com/go-pkgx/bk/fixup/stagingscripts.go:49.17,51.3 1 12
github.com/go-pkgx/bk/fixup/stagingscripts.go:52.2,53.16 2 10
github.com/go-pkgx/bk/fixup/stagingscripts.go:53.16,55.3 1 2
github.com/go-pkgx/bk/fixup/stagingscripts.go:56.2,56.25 1 8
github.com/go-pkgx/bk/fixup/stagingscripts.go:56.25,58.16 2 11
github.com/go-pkgx/bk/fixup/stagingscripts.go:58.16,59.68 1 2
github.com/go-pkgx/bk/fixup/stagingscripts.go:59.68,61.5 1 1
github.com/go-pkgx/bk/fixup/stagingscripts.go:62.4,62.12 1 1
github.com/go-pkgx/bk/fixup/stagingscripts.go:64.3,65.17 2 9
github.com/go-pkgx/bk/fixup/stagingscripts.go:65.17,67.4 1 1
github.com/go-pkgx/bk/fixup/stagingscripts.go:68.3,68.86 1 8
github.com/go-pkgx/bk/fixup/stagingscripts.go:68.86,69.12 1 3
github.com/go-pkgx/bk/fixup/stagingscripts.go:71.3,71.71 1 5
github.com/go-pkgx/bk/fixup/stagingscripts.go:71.71,73.4 1 2
github.com/go-pkgx/bk/fixup/stagingscripts.go:75.2,75.12 1 4
github.com/go-pkgx/bk/fixup/writable.go:22.50,24.16 2 52
github.com/go-pkgx/bk/fixup/writable.go:24.16,26.3 1 1
github.com/go-pkgx/bk/fixup/writable.go:27.2,28.21 2 51
github.com/go-pkgx/bk/fixup/writable.go:28.21,29.17 1 46
github.com/go-pkgx/bk/fixup/writable.go:29.18,29.19 0 46
github.com/go-pkgx/bk/fixup/writable.go:31.2,31.50 1 5
github.com/go-pkgx/bk/fixup/writable.go:31.50,33.3 1 3
github.com/go-pkgx/bk/fixup/writable.go:34.2,34.16 1 2
github.com/go-pkgx/bk/fixup/writable.go:34.16,34.43 1 2
github.com/go-pkgx/bk/fixup/writable.go:39.47,41.16 2 30
github.com/go-pkgx/bk/fixup/writable.go:41.16,43.3 1 2
github.com/go-pkgx/bk/fixup/writable.go:44.2,44.30 1 28
github.com/go-pkgx/bk/overrides/overrides.go:48.47,49.18 1 11
github.com/go-pkgx/bk/overrides/overrides.go:49.18,51.3 1 2
github.com/go-pkgx/bk/overrides/overrides.go:54.48,55.19 1 12
github.com/go-pkgx/bk/overrides/overrides.go:55.19,57.3 1 9
github.com/go-pkgx/bk/overrides/overrides.go:70.39,73.16 3 16
github.com/go-pkgx/bk/overrides/overrides.go:73.16,75.3 1 1
github.com/go-pkgx/bk/overrides/overrides.go:76.2,77.21 2 15
github.com/go-pkgx/bk/overrides/overrides.go:77.21,79.3 1 1
github.com/go-pkgx/bk/overrides/overrides.go:81.2,87.26 4 14
github.com/go-pkgx/bk/overrides/overrides.go:87.26,90.17 3 20
github.com/go-pkgx/bk/overrides/overrides.go:90.17,93.12 3 1
github.com/go-pkgx/bk/overrides/overrides.go:95.3,96.17 2 19
github.com/go-pkgx/bk/overrides/overrides.go:96.17,99.12 3 1
github.com/go-pkgx/bk/overrides/overrides.go:101.3,101.22 1 18
github.com/go-pkgx/bk/overrides/overrides.go:101.22,104.12 3 1
github.com/go-pkgx/bk/overrides/overrides.go:106.3,107.47 2 17
github.com/go-pkgx/bk/overrides/overrides.go:113.2,113.22 1 14
github.com/go-pkgx/bk/overrides/overrides.go:113.22,114.61 1 14
github.com/go-pkgx/bk/overrides/overrides.go:114.61,116.4 1 3
github.com/go-pkgx/bk/overrides/overrides.go:119.2,119.27 1 14
github.com/go-pkgx/bk/overrides/overrides.go:119.27,120.53 1 17
github.com/go-pkgx/bk/overrides/overrides.go:120.53,123.12 3 6
github.com/go-pkgx/bk/overrides/overrides.go:125.3,126.44 2 11
github.com/go-pkgx/bk/overrides/overrides.go:128.2,128.17 1 14
github.com/go-pkgx/bk/overrides/overrides.go:132.46,134.26 2 17
github.com/go-pkgx/bk/overrides/overrides.go:134.26,135.52 1 17
github.com/go-pkgx/bk/overrides/overrides.go:135.52,136.15 1 34
github.com/go-pkgx/bk/overrides/overrides.go:136.15,138.5 1 30
github.com/go-pkgx/bk/overrides/overrides.go:141.2,141.12 1 17
github.com/go-pkgx/bk/overrides/overrides.go:147.32,148.41 1 60
github.com/go-pkgx/bk/overrides/overrides.go:148.41,149.49 1 118
github.com/go-pkgx/bk/overrides/overrides.go:149.49,151.4 1 14
github.com/go-pkgx/bk/overrides/overrides.go:153.2,153.13 1 46
github.com/go-pkgx/bk/overrides/overrides.go:156.35,159.23 3 14
github.com/go-pkgx/bk/overrides/overrides.go:159.23,160.15 1 30
github.com/go-pkgx/bk/overrides/overrides.go:160.15,163.4 2 15
github.com/go-pkgx/bk/overrides/overrides.go:165.2,165.12 1 14
github.com/go-pkgx/bk/overrides/overrides.go:170.52,172.16 2 14
github.com/go-pkgx/bk/overrides/overrides.go:172.16,174.3 1 1
github.com/go-pkgx/bk/overrides/overrides.go:175.2,176.16 2 13
github.com/go-pkgx/bk/overrides/overrides.go:176.16,178.3 1 1
github.com/go-pkgx/bk/overrides/overrides.go:179.2,179.71 1 12
github.com/go-pkgx/bk/overrides/overrides.go:192.59,194.26 2 18
github.com/go-pkgx/bk/overrides/overrides.go:194.26,196.17 2 18
github.com/go-pkgx/bk/overrides/overrides.go:196.17,198.4 1 3
github.com/go-pkgx/bk/overrides/overrides.go:199.3,199.17 1 18
github.com/go-pkgx/bk/overrides/overrides.go:199.17,201.4 1 1
github.com/go-pkgx/bk/overrides/overrides.go:202.3,203.17 2 17
github.com/go-pkgx/bk/overrides/overrides.go:203.17,205.12 2 2
github.com/go-pkgx/bk/overrides/overrides.go:208.3,209.15 2 15
github.com/go-pkgx/bk/overrides/overrides.go:209.15,211.18 2 13
github.com/go-pkgx/bk/overrides/overrides.go:211.18,213.5 1 1
github.com/go-pkgx/bk/overrides/overrides.go:214.4,214.11 1 12
github.com/go-pkgx/bk/overrides/overrides.go:220.3,221.21 2 14
github.com/go-pkgx/bk/overrides/overrides.go:221.21,223.4 1 3
github.com/go-pkgx/bk/overrides/overrides.go:225.3,226.70 2 14
github.com/go-pkgx/bk/overrides/overrides.go:226.70,228.4 1 1
github.com/go-pkgx/bk/overrides/overrides.go:229.3,229.101 1 13
github.com/go-pkgx/bk/overrides/overrides.go:232.2,232.28 1 15
github.com/go-pkgx/bk/overrides/overrides.go:232.28,233.15 1 15
github.com/go-pkgx/bk/overrides/overrides.go:233.15,234.43 1 2
github.com/go-pkgx/bk/overrides/overrides.go:234.43,236.5 1 1
github.com/go-pkgx/bk/overrides/overrides.go:237.4,237.12 1 1
github.com/go-pkgx/bk/overrides/overrides.go:239.3,239.65 1 13
github.com/go-pkgx/bk/overrides/overrides.go:239.65,241.4 1 1
github.com/go-pkgx/bk/overrides/overrides.go:242.3,242.61 1 12
github.com/go-pkgx/bk/overrides/overrides.go:242.61,244.4 1 1
github.com/go-pkgx/bk/overrides/overrides.go:245.3,245.14 1 11
github.com/go-pkgx/bk/overrides/overrides.go:245.14,246.50 1 3
github.com/go-pkgx/bk/overrides/overrides.go:246.50,248.5 1 1
github.com/go-pkgx/bk/overrides/overrides.go:251.2,251.12 1 11
github.com/go-pkgx/bk/cmd/bk/bkpyvenv.go:59.59,64.2 4 2
github.com/go-pkgx/bk/cmd/bk/bkpyvenv.go:66.72,71.2 4 2
github.com/go-pkgx/bk/cmd/bk/bkpyvenv.go:76.32,77.40 1 18
github.com/go-pkgx/bk/cmd/bk/bkpyvenv.go:77.40,79.3 1 10
github.com/go-pkgx/bk/cmd/bk/bkpyvenv.go:80.2,80.18 1 8
github.com/go-pkgx/bk/cmd/bk/bkpyvenv.go:98.52,99.20 1 11
github.com/go-pkgx/bk/cmd/bk/bkpyvenv.go:99.20,102.3 2 1
github.com/go-pkgx/bk/cmd/bk/bkpyvenv.go:103.2,107.51 4 10
github.com/go-pkgx/bk/cmd/bk/bkpyvenv.go:107.51,110.3 2 1
github.com/go-pkgx/bk/cmd/bk/bkpyvenv.go:111.2,111.20 1 10
github.com/go-pkgx/bk/cmd/bk/bkpyvenv.go:111.20,114.3 2 2
github.com/go-pkgx/bk/cmd/bk/bkpyvenv.go:115.2,119.16 4 8
github.com/go-pkgx/bk/cmd/bk/bkpyvenv.go:119.16,122.3 2 1
github.com/go-pkgx/bk/cmd/bk/bkpyvenv.go:124.2,124.13 1 7
github.com/go-pkgx/bk/cmd/bk/bkpyvenv.go:125.15,126.21 1 3
github.com/go-pkgx/bk/cmd/bk/bkpyvenv.go:126.21,129.4 2 1
github.com/go-pkgx/bk/cmd/bk/bkpyvenv.go:130.3,130.64 1 2
github.com/go-pkgx/bk/cmd/bk/bkpyvenv.go:130.64,133.4 2 1
github.com/go-pkgx/bk/cmd/bk/bkpyvenv.go:134.14,135.60 1 2
github.com/go-pkgx/bk/cmd/bk/bkpyvenv.go:135.60,138.4 2 1
github.com/go-pkgx/bk/cmd/bk/bkpyvenv.go:139.10,141.11 2 2
github.com/go-pkgx/bk/cmd/bk/bkpyvenv.go:143.2,143.10 1 2
github.com/go-pkgx/bk/cmd/bk/bkpyvenv.go:147.58,151.72 1 9
github.com/go-pkgx/bk/cmd/bk/bkpyvenv.go:151.72,152.53 1 4
github.com/go-pkgx/bk/cmd/bk/bkpyvenv.go:152.53,154.4 1 2
github.com/go-pkgx/bk/cmd/bk/bkpyvenv.go:157.2,157.24 1 7
github.com/go-pkgx/bk/cmd/bk/bkpyvenv.go:157.24,158.87 1 3
github.com/go-pkgx/bk/cmd/bk/bkpyvenv.go:158.87,160.4 1 1
github.com/go-pkgx/bk/cmd/bk/bkpyvenv.go:161.3,161.75 1 2
github.com/go-pkgx/bk/cmd/bk/bkpyvenv.go:164.2,166.23 3 4
github.com/go-pkgx/bk/cmd/bk/bkpyvenv.go:166.23,170.3 1 1
github.com/go-pkgx/bk/cmd/bk/bkpyvenv.go:171.2,172.43 2 4
github.com/go-pkgx/bk/cmd/bk/bkpyvenv.go:178.63,180.16 2 14
github.com/go-pkgx/bk/cmd/bk/bkpyvenv.go:180.16,182.3 1 2
github.com/go-pkgx/bk/cmd/bk/bkpyvenv.go:183.2,184.14 2 12
github.com/go-pkgx/bk/cmd/bk/bkpyvenv.go:184.14,186.3 1 1
github.com/go-pkgx/bk/cmd/bk/bkpyvenv.go:187.2,189.24 2 11
github.com/go-pkgx/bk/cmd/bk/bkpyvenv.go:189.24,190.59 1 7
github.com/go-pkgx/bk/cmd/bk/bkpyvenv.go:190.59,192.4 1 6
github.com/go-pkgx/bk/cmd/bk/bkpyvenv.go:195.2,197.51 3 5
github.com/go-pkgx/bk/cmd/bk/bkpyvenv.go:197.51,199.3 1 1
github.com/go-pkgx/bk/cmd/bk/bkpyvenv.go:202.2,203.56 2 4
github.com/go-pkgx/bk/cmd/bk/bkpyvenv.go:203.56,205.3 1 4
github.com/go-pkgx/bk/cmd/bk/bkpyvenv.go:206.2,206.28 1 4
github.com/go-pkgx/bk/cmd/bk/bkpyvenv.go:206.28,207.88 1 5
github.com/go-pkgx/bk/cmd/bk/bkpyvenv.go:207.88,209.4 1 1
github.com/go-pkgx/bk/cmd/bk/bkpyvenv.go:211.2,211.12 1 3
github.com/go-pkgx/bk/cmd/bk/bkpyvenv.go:217.53,218.70 1 7
github.com/go-pkgx/bk/cmd/bk/bkpyvenv.go:218.70,220.3 1 1
github.com/go-pkgx/bk/cmd/bk/bkpyvenv.go:221.2,222.16 2 6
github.com/go-pkgx/bk/cmd/bk/bkpyvenv.go:222.16,224.3 1 1
github.com/go-pkgx/bk/cmd/bk/bkpyvenv.go:225.2,225.22 1 5
github.com/go-pkgx/bk/cmd/bk/bkpyvenv.go:225.22,227.3 1 1
github.com/go-pkgx/bk/cmd/bk/bkpyvenv.go:228.2,229.67 2 4
github.com/go-pkgx/bk/cmd/bk/bkpyvenv.go:229.67,231.3 1 1
github.com/go-pkgx/bk/cmd/bk/bkpyvenv.go:232.2,232.51 1 3
github.com/go-pkgx/bk/cmd/bk/bkpyvenv.go:232.51,234.3 1 1
github.com/go-pkgx/bk/cmd/bk/bkpyvenv.go:235.2,235.79 1 2
github.com/go-pkgx/bk/cmd/bk/bkpyvenv.go:240.52,242.16 2 6
github.com/go-pkgx/bk/cmd/bk/bkpyvenv.go:242.16,244.3 1 1
github.com/go-pkgx/bk/cmd/bk/bkpyvenv.go:245.2,246.16 2 5
github.com/go-pkgx/bk/cmd/bk/bkpyvenv.go:246.16,248.3 1 1
github.com/go-pkgx/bk/cmd/bk/bkpyvenv.go:249.2,250.106 2 4
github.com/go-pkgx/bk/cmd/bk/bkpyvenv.go:250.106,252.3 1 1
github.com/go-pkgx/bk/cmd/bk/bkpyvenv.go:253.2,254.16 2 3
github.com/go-pkgx/bk/cmd/bk/bkpyvenv.go:254.16,256.3 1 1
github.com/go-pkgx/bk/cmd/bk/bkpyvenv.go:257.2,261.12 2 2
github.com/go-pkgx/bk/cmd/bk/build.go:37.62,40.2 2 1
github.com/go-pkgx/bk/cmd/bk/build.go:46.53,48.2 1 5
github.com/go-pkgx/bk/cmd/bk/build.go:53.68,54.53 1 34
github.com/go-pkgx/bk/cmd/bk/build.go:54.53,56.17 2 6
github.com/go-pkgx/bk/cmd/bk/build.go:56.17,58.4 1 1
github.com/go-pkgx/bk/cmd/bk/build.go:59.3,61.17 3 5
github.com/go-pkgx/bk/cmd/bk/build.go:61.17,63.4 1 1
github.com/go-pkgx/bk/cmd/bk/build.go:64.3,68.17 2 4
github.com/go-pkgx/bk/cmd/bk/build.go:68.17,70.4 1 1
github.com/go-pkgx/bk/cmd/bk/build.go:71.3,71.43 1 3
github.com/go-pkgx/bk/cmd/bk/build.go:77.52,91.2 1 5
github.com/go-pkgx/bk/cmd/bk/build.go:95.60,105.39 10 13
github.com/go-pkgx/bk/cmd/bk/build.go:105.39,107.3 1 1
github.com/go-pkgx/bk/cmd/bk/build.go:108.2,109.36 2 12
github.com/go-pkgx/bk/cmd/bk/build.go:109.36,112.3 2 2
github.com/go-pkgx/bk/cmd/bk/build.go:113.2,121.47 3 10
github.com/go-pkgx/bk/cmd/bk/build.go:121.47,123.3 1 9
github.com/go-pkgx/bk/cmd/bk/build.go:125.2,132.16 7 10
github.com/go-pkgx/bk/cmd/bk/build.go:132.16,135.3 2 1
github.com/go-pkgx/bk/cmd/bk/build.go:136.2,137.16 2 9
github.com/go-pkgx/bk/cmd/bk/build.go:137.16,140.3 2 1
github.com/go-pkgx/bk/cmd/bk/build.go:141.2,142.16 2 8
github.com/go-pkgx/bk/cmd/bk/build.go:142.16,145.3 2 1
github.com/go-pkgx/bk/cmd/bk/build.go:149.2,150.20 2 7
github.com/go-pkgx/bk/cmd/bk/build.go:150.20,152.3 1 1
github.com/go-pkgx/bk/cmd/bk/build.go:154.2,155.16 2 7
github.com/go-pkgx/bk/cmd/bk/build.go:155.16,158.3 2 1
github.com/go-pkgx/bk/cmd/bk/build.go:159.2,162.57 2 6
github.com/go-pkgx/bk/cmd/bk/build.go:162.57,164.3 1 6
github.com/go-pkgx/bk/cmd/bk/build.go:165.2,165.26 1 6
github.com/go-pkgx/bk/cmd/bk/build.go:165.26,167.3 1 1
github.com/go-pkgx/bk/cmd/bk/build.go:168.2,168.10 1 6
github.com/go-pkgx/bk/cmd/bk/builder.go:32.62,44.39 12 7
github.com/go-pkgx/bk/cmd/bk/builder.go:44.39,46.3 1 1
github.com/go-pkgx/bk/cmd/bk/builder.go:47.2,47.16 1 6
github.com/go-pkgx/bk/cmd/bk/builder.go:47.16,50.3 2 2
github.com/go-pkgx/bk/cmd/bk/builder.go:51.2,52.20 2 4
github.com/go-pkgx/bk/cmd/bk/builder.go:52.20,55.3 2 1
github.com/go-pkgx/bk/cmd/bk/builder.go:56.2,56.17 1 3
github.com/go-pkgx/bk/cmd/bk/builder.go:56.17,58.3 1 1
github.com/go-pkgx/bk/cmd/bk/builder.go:59.2,59.20 1 3
github.com/go-pkgx/bk/cmd/bk/builder.go:59.20,61.3 1 1
github.com/go-pkgx/bk/cmd/bk/builder.go:63.2,64.16 2 3
github.com/go-pkgx/bk/cmd/bk/builder.go:64.16,67.3 2 1
github.com/go-pkgx/bk/cmd/bk/builder.go:69.2,80.29 1 2
github.com/go-pkgx/bk/cmd/bk/builder.go:80.29,80.56 1 6
github.com/go-pkgx/bk/cmd/bk/builder.go:81.17,84.3 2 1
github.com/go-pkgx/bk/cmd/bk/builder.go:85.2,85.10 1 1
github.com/go-pkgx/bk/cmd/bk/builder.go:144.61,146.16 2 7
github.com/go-pkgx/bk/cmd/bk/builder.go:146.16,148.17 2 5
github.com/go-pkgx/bk/cmd/bk/builder.go:148.17,150.4 1 2
github.com/go-pkgx/bk/cmd/bk/builder.go:151.3,151.41 1 3
github.com/go-pkgx/bk/cmd/bk/builder.go:153.2,154.27 2 5
github.com/go-pkgx/bk/cmd/bk/builder.go:154.27,155.46 1 61
github.com/go-pkgx/bk/cmd/bk/builder.go:155.46,157.4 1 3
github.com/go-pkgx/bk/cmd/bk/builder.go:158.3,159.15 2 61
github.com/go-pkgx/bk/cmd/bk/builder.go:159.15,160.12 1 7
github.com/go-pkgx/bk/cmd/bk/builder.go:162.3,163.27 2 54
github.com/go-pkgx/bk/cmd/bk/builder.go:165.2,165.21 1 5
github.com/go-pkgx/bk/cmd/bk/builder.go:165.21,167.3 1 1
github.com/go-pkgx/bk/cmd/bk/builder.go:168.2,168.19 1 4
github.com/go-pkgx/bk/cmd/bk/builder.go:173.64,174.47 1 60
github.com/go-pkgx/bk/cmd/bk/builder.go:174.47,176.14 2 7
github.com/go-pkgx/bk/cmd/bk/builder.go:176.14,178.4 1 1
github.com/go-pkgx/bk/cmd/bk/builder.go:179.3,179.18 1 7
github.com/go-pkgx/bk/cmd/bk/builder.go:181.2,181.15 1 53
github.com/go-pkgx/bk/cmd/bk/builder.go:201.41,205.16 4 24
github.com/go-pkgx/bk/cmd/bk/builder.go:205.16,207.3 1 2
github.com/go-pkgx/bk/cmd/bk/builder.go:208.2,210.28 2 22
github.com/go-pkgx/bk/cmd/bk/builder.go:210.28,212.17 2 42
github.com/go-pkgx/bk/cmd/bk/builder.go:212.17,214.4 1 2
github.com/go-pkgx/bk/cmd/bk/builder.go:215.3,215.12 1 40
github.com/go-pkgx/bk/cmd/bk/builder.go:215.12,217.4 1 38
github.com/go-pkgx/bk/cmd/bk/builder.go:223.2,224.18 2 20
github.com/go-pkgx/bk/cmd/bk/builder.go:224.18,226.3 1 1
github.com/go-pkgx/bk/cmd/bk/builder.go:227.2,232.16 2 19
github.com/go-pkgx/bk/cmd/bk/builder.go:232.16,234.3 1 1
github.com/go-pkgx/bk/cmd/bk/builder.go:239.2,246.16 2 18
github.com/go-pkgx/bk/cmd/bk/builder.go:246.16,248.3 1 1
github.com/go-pkgx/bk/cmd/bk/builder.go:249.2,254.72 2 17
github.com/go-pkgx/bk/cmd/bk/builder.go:254.72,255.70 1 65
github.com/go-pkgx/bk/cmd/bk/builder.go:255.70,257.4 1 1
github.com/go-pkgx/bk/cmd/bk/builder.go:259.2,259.47 1 16
github.com/go-pkgx/bk/cmd/bk/builder.go:259.47,263.80 1 31
github.com/go-pkgx/bk/cmd/bk/builder.go:263.80,265.4 1 1
github.com/go-pkgx/bk/cmd/bk/builder.go:268.2,268.87 1 15
github.com/go-pkgx/bk/cmd/bk/builder.go:268.87,269.18 1 29
github.com/go-pkgx/bk/cmd/bk/builder.go:269.18,270.12 1 27
github.com/go-pkgx/bk/cmd/bk/builder.go:272.3,273.52 2 2
github.com/go-pkgx/bk/cmd/bk/builder.go:273.52,275.4 1 1
github.com/go-pkgx/bk/cmd/bk/builder.go:276.3,276.73 1 1
github.com/go-pkgx/bk/cmd/bk/builder.go:279.2,279.15 1 14
github.com/go-pkgx/bk/cmd/bk/builder.go:279.15,280.65 1 4
github.com/go-pkgx/bk/cmd/bk/builder.go:280.65,282.4 1 2
github.com/go-pkgx/bk/cmd/bk/builder.go:283.3,283.101 1 2
github.com/go-pkgx/bk/cmd/bk/builder.go:285.2,285.17 1 12
github.com/go-pkgx/bk/cmd/bk/builder.go:285.17,287.17 2 2
github.com/go-pkgx/bk/cmd/bk/builder.go:287.17,289.4 1 1
github.com/go-pkgx/bk/cmd/bk/builder.go:290.3,290.89 1 1
github.com/go-pkgx/bk/cmd/bk/builder.go:292.2,292.12 1 11
github.com/go-pkgx/bk/cmd/bk/builder.go:316.65,318.82 2 6
github.com/go-pkgx/bk/cmd/bk/builder.go:318.82,319.17 1 58
github.com/go-pkgx/bk/cmd/bk/builder.go:319.17,325.4 1 2
github.com/go-pkgx/bk/cmd/bk/builder.go:326.3,326.54 1 56
github.com/go-pkgx/bk/cmd/bk/builder.go:326.54,328.4 1 52
github.com/go-pkgx/bk/cmd/bk/builder.go:329.3,330.13 2 4
github.com/go-pkgx/bk/cmd/bk/builder.go:332.2,332.16 1 6
github.com/go-pkgx/bk/cmd/bk/builder.go:332.16,334.3 1 2
github.com/go-pkgx/bk/cmd/bk/builder.go:335.2,336.22 2 4
github.com/go-pkgx/bk/cmd/bk/builder.go:336.22,338.3 1 4
github.com/go-pkgx/bk/cmd/bk/builder.go:339.2,341.48 3 4
github.com/go-pkgx/bk/cmd/bk/builder.go:341.48,343.3 1 1
github.com/go-pkgx/bk/cmd/bk/builder.go:344.2,345.16 2 3
github.com/go-pkgx/bk/cmd/bk/builder.go:345.16,347.3 1 1
github.com/go-pkgx/bk/cmd/bk/builder.go:348.2,348.87 1 3
github.com/go-pkgx/bk/cmd/bk/builder.go:354.42,355.13 1 45
github.com/go-pkgx/bk/cmd/bk/builder.go:355.13,357.3 1 1
github.com/go-pkgx/bk/cmd/bk/builder.go:358.2,359.48 2 44
github.com/go-pkgx/bk/cmd/bk/builder.go:359.48,361.3 1 1
github.com/go-pkgx/bk/cmd/bk/builder.go:362.2,362.41 1 43
github.com/go-pkgx/bk/cmd/bk/builder.go:366.44,368.16 2 7
github.com/go-pkgx/bk/cmd/bk/builder.go:368.16,370.3 1 2
github.com/go-pkgx/bk/cmd/bk/builder.go:371.2,372.62 2 5
github.com/go-pkgx/bk/cmd/bk/builder.go:372.62,374.3 1 1
github.com/go-pkgx/bk/cmd/bk/builder.go:375.2,377.16 3 4
github.com/go-pkgx/bk/cmd/bk/builder.go:377.16,379.3 1 1
github.com/go-pkgx/bk/cmd/bk/builder.go:380.2,380.41 1 3
github.com/go-pkgx/bk/cmd/bk/builder.go:380.41,384.3 3 1
github.com/go-pkgx/bk/cmd/bk/builder.go:385.2,385.40 1 2
github.com/go-pkgx/bk/cmd/bk/builder.go:385.40,388.3 2 1
github.com/go-pkgx/bk/cmd/bk/builder.go:389.2,389.28 1 1
github.com/go-pkgx/bk/cmd/bk/builder.go:420.90,429.18 3 4
github.com/go-pkgx/bk/cmd/bk/builder.go:429.18,431.3 1 1
github.com/go-pkgx/bk/cmd/bk/builder.go:432.2,432.21 1 4
github.com/go-pkgx/bk/cmd/bk/builder.go:432.21,434.3 1 1
github.com/go-pkgx/bk/cmd/bk/builder.go:435.2,443.16 4 4
github.com/go-pkgx/bk/cmd/bk/builder.go:443.16,445.3 1 1
github.com/go-pkgx/bk/cmd/bk/builder.go:446.2,447.48 2 3
github.com/go-pkgx/bk/cmd/bk/builder.go:447.48,449.3 1 1
github.com/go-pkgx/bk/cmd/bk/builder.go:450.2,450.80 1 2
github.com/go-pkgx/bk/cmd/bk/builder.go:470.45,470.65 1 1
github.com/go-pkgx/bk/cmd/bk/ccshim.go:22.63,24.36 2 11
github.com/go-pkgx/bk/cmd/bk/ccshim.go:24.36,26.3 1 2
github.com/go-pkgx/bk/cmd/bk/ccshim.go:27.2,28.22 2 11
github.com/go-pkgx/bk/cmd/bk/ccshim.go:28.22,31.3 2 1
github.com/go-pkgx/bk/cmd/bk/ccshim.go:32.2,33.23 2 10
github.com/go-pkgx/bk/cmd/bk/ccshim.go:33.23,35.3 1 4
github.com/go-pkgx/bk/cmd/bk/ccshim.go:36.2,38.34 3 10
github.com/go-pkgx/bk/cmd/bk/ccshim.go:38.34,40.25 2 2
github.com/go-pkgx/bk/cmd/bk/ccshim.go:40.25,42.4 1 1
github.com/go-pkgx/bk/cmd/bk/ccshim.go:43.3,44.13 2 1
github.com/go-pkgx/bk/cmd/bk/ccshim.go:46.2,46.10 1 8
github.com/go-pkgx/bk/cmd/bk/ccshim.go:52.38,53.25 1 10
github.com/go-pkgx/bk/cmd/bk/ccshim.go:53.25,54.12 1 7
github.com/go-pkgx/bk/cmd/bk/ccshim.go:55.25,56.15 1 4
github.com/go-pkgx/bk/cmd/bk/ccshim.go:59.2,59.14 1 6
github.com/go-pkgx/bk/cmd/bk/ccshim.go:82.48,84.26 2 4
github.com/go-pkgx/bk/cmd/bk/ccshim.go:84.26,86.78 1 9
github.com/go-pkgx/bk/cmd/bk/ccshim.go:86.78,87.12 1 5
github.com/go-pkgx/bk/cmd/bk/ccshim.go:89.3,89.23 1 4
github.com/go-pkgx/bk/cmd/bk/ccshim.go:91.2,91.12 1 4
github.com/go-pkgx/bk/cmd/bk/ccshim.go:98.43,98.76 1 4
github.com/go-pkgx/bk/cmd/bk/ccshim.go:110.39,111.59 1 16
github.com/go-pkgx/bk/cmd/bk/ccshim.go:111.59,112.56 1 49
github.com/go-pkgx/bk/cmd/bk/ccshim.go:112.56,114.4 1 9
github.com/go-pkgx/bk/cmd/bk/ccshim.go:116.2,116.14 1 7
github.com/go-pkgx/bk/cmd/bk/closure.go:21.62,26.39 5 6
github.com/go-pkgx/bk/cmd/bk/closure.go:26.39,28.3 1 1
github.com/go-pkgx/bk/cmd/bk/closure.go:29.2,32.73 3 5
github.com/go-pkgx/bk/cmd/bk/closure.go:32.73,32.100 1 2
github.com/go-pkgx/bk/cmd/bk/closure.go:32.102,34.3 1 8
github.com/go-pkgx/bk/cmd/bk/closure.go:35.2,35.10 1 5
github.com/go-pkgx/bk/cmd/bk/closure.go:42.102,46.28 4 46
github.com/go-pkgx/bk/cmd/bk/closure.go:46.28,47.17 1 60
github.com/go-pkgx/bk/cmd/bk/closure.go:47.17,49.4 1 1
github.com/go-pkgx/bk/cmd/bk/closure.go:50.3,52.17 3 59
github.com/go-pkgx/bk/cmd/bk/closure.go:52.17,57.4 2 14
github.com/go-pkgx/bk/cmd/bk/closure.go:58.3,58.62 1 45
github.com/go-pkgx/bk/cmd/bk/closure.go:58.62,60.4 1 11
github.com/go-pkgx/bk/cmd/bk/closure.go:61.3,61.30 1 45
github.com/go-pkgx/bk/cmd/bk/closure.go:63.2,63.25 1 46
github.com/go-pkgx/bk/cmd/bk/closure.go:63.25,65.3 1 49
github.com/go-pkgx/bk/cmd/bk/closure.go:66.2,66.14 1 46
github.com/go-pkgx/bk/cmd/bk/closure.go:74.34,74.68 1 18
github.com/go-pkgx/bk/cmd/bk/closure.go:76.72,78.16 2 59
github.com/go-pkgx/bk/cmd/bk/closure.go:78.16,80.3 1 14
github.com/go-pkgx/bk/cmd/bk/closure.go:81.2,81.24 1 45
github.com/go-pkgx/bk/cmd/bk/closure.go:84.34,85.32 1 347
github.com/go-pkgx/bk/cmd/bk/closure.go:85.32,87.3 1 2
github.com/go-pkgx/bk/cmd/bk/closure.go:88.2,88.12 1 345
github.com/go-pkgx/bk/cmd/bk/depgaps.go:39.62,47.39 8 8
github.com/go-pkgx/bk/cmd/bk/depgaps.go:47.39,49.3 1 1
github.com/go-pkgx/bk/cmd/bk/depgaps.go:50.2,54.16 4 7
github.com/go-pkgx/bk/cmd/bk/depgaps.go:54.16,57.3 2 2
github.com/go-pkgx/bk/cmd/bk/depgaps.go:58.2,58.25 1 5
github.com/go-pkgx/bk/cmd/bk/depgaps.go:58.25,66.25 1 2
github.com/go-pkgx/bk/cmd/bk/depgaps.go:66.25,66.52 1 1
github.com/go-pkgx/bk/cmd/bk/depgaps.go:68.3,68.17 1 2
github.com/go-pkgx/bk/cmd/bk/depgaps.go:68.17,71.4 2 1
github.com/go-pkgx/bk/cmd/bk/depgaps.go:72.3,72.35 1 1
github.com/go-pkgx/bk/cmd/bk/depgaps.go:72.35,74.4 1 1
github.com/go-pkgx/bk/cmd/bk/depgaps.go:77.2,78.16 2 4
github.com/go-pkgx/bk/cmd/bk/depgaps.go:78.16,81.3 2 1
github.com/go-pkgx/bk/cmd/bk/depgaps.go:82.2,90.10 4 3
github.com/go-pkgx/bk/cmd/bk/depgaps.go:103.77,105.16 2 10
github.com/go-pkgx/bk/cmd/bk/depgaps.go:105.16,107.3 1 3
github.com/go-pkgx/bk/cmd/bk/depgaps.go:108.2,109.49 2 7
github.com/go-pkgx/bk/cmd/bk/depgaps.go:109.49,111.3 1 1
github.com/go-pkgx/bk/cmd/bk/depgaps.go:112.2,113.25 2 6
github.com/go-pkgx/bk/cmd/bk/depgaps.go:113.25,114.36 1 18
github.com/go-pkgx/bk/cmd/bk/depgaps.go:114.36,116.4 1 12
github.com/go-pkgx/bk/cmd/bk/depgaps.go:118.2,118.18 1 6
github.com/go-pkgx/bk/cmd/bk/depgaps.go:123.128,126.81 3 11
github.com/go-pkgx/bk/cmd/bk/depgaps.go:126.81,127.63 1 26
github.com/go-pkgx/bk/cmd/bk/depgaps.go:127.63,129.4 1 16
github.com/go-pkgx/bk/cmd/bk/depgaps.go:130.3,131.20 2 10
github.com/go-pkgx/bk/cmd/bk/depgaps.go:131.20,133.4 1 2
github.com/go-pkgx/bk/cmd/bk/depgaps.go:134.3,135.21 2 8
github.com/go-pkgx/bk/cmd/bk/depgaps.go:135.21,137.4 1 1
github.com/go-pkgx/bk/cmd/bk/depgaps.go:138.3,139.22 2 7
github.com/go-pkgx/bk/cmd/bk/depgaps.go:139.22,143.4 1 1
github.com/go-pkgx/bk/cmd/bk/depgaps.go:144.3,144.81 1 6
github.com/go-pkgx/bk/cmd/bk/depgaps.go:144.81,145.51 1 12
github.com/go-pkgx/bk/cmd/bk/depgaps.go:145.51,153.15 4 9
github.com/go-pkgx/bk/cmd/bk/depgaps.go:153.15,158.14 2 2
github.com/go-pkgx/bk/cmd/bk/depgaps.go:160.5,160.16 1 7
github.com/go-pkgx/bk/cmd/bk/depgaps.go:160.16,161.14 1 1
github.com/go-pkgx/bk/cmd/bk/depgaps.go:163.5,163.31 1 6
github.com/go-pkgx/bk/cmd/bk/depgaps.go:163.31,166.6 2 5
github.com/go-pkgx/bk/cmd/bk/depgaps.go:169.3,169.13 1 6
github.com/go-pkgx/bk/cmd/bk/depgaps.go:171.2,171.25 1 11
github.com/go-pkgx/bk/cmd/bk/depgaps.go:176.58,177.25 1 9
github.com/go-pkgx/bk/cmd/bk/depgaps.go:177.25,178.47 1 8
github.com/go-pkgx/bk/cmd/bk/depgaps.go:178.47,180.4 1 2
github.com/go-pkgx/bk/cmd/bk/depgaps.go:182.2,182.14 1 7
github.com/go-pkgx/bk/cmd/bk/depgaps.go:186.85,193.28 4 5
github.com/go-pkgx/bk/cmd/bk/depgaps.go:193.28,197.3 3 8
github.com/go-pkgx/bk/cmd/bk/depgaps.go:198.2,198.38 1 5
github.com/go-pkgx/bk/cmd/bk/depgaps.go:198.38,199.51 1 3
github.com/go-pkgx/bk/cmd/bk/depgaps.go:199.51,201.4 1 1
github.com/go-pkgx/bk/cmd/bk/depgaps.go:202.3,202.33 1 2
github.com/go-pkgx/bk/cmd/bk/depgaps.go:204.2,206.24 2 5
github.com/go-pkgx/bk/cmd/bk/depgaps.go:206.24,207.26 1 8
github.com/go-pkgx/bk/cmd/bk/depgaps.go:207.26,209.9 2 1
github.com/go-pkgx/bk/cmd/bk/depgaps.go:211.3,212.18 2 7
github.com/go-pkgx/bk/cmd/bk/depgaps.go:212.18,214.4 1 1
github.com/go-pkgx/bk/cmd/bk/depgaps.go:215.3,215.90 1 7
github.com/go-pkgx/bk/cmd/bk/depgaps.go:230.86,237.27 4 5
github.com/go-pkgx/bk/cmd/bk/depgaps.go:237.27,241.3 3 6
github.com/go-pkgx/bk/cmd/bk/depgaps.go:242.2,242.38 1 5
github.com/go-pkgx/bk/cmd/bk/depgaps.go:242.38,243.39 1 3
github.com/go-pkgx/bk/cmd/bk/depgaps.go:243.39,245.4 1 1
github.com/go-pkgx/bk/cmd/bk/depgaps.go:246.3,246.35 1 2
github.com/go-pkgx/bk/cmd/bk/depgaps.go:248.2,250.24 2 5
github.com/go-pkgx/bk/cmd/bk/depgaps.go:250.24,251.26 1 6
github.com/go-pkgx/bk/cmd/bk/depgaps.go:251.26,253.9 2 1
github.com/go-pkgx/bk/cmd/bk/depgaps.go:255.3,256.18 2 5
github.com/go-pkgx/bk/cmd/bk/depgaps.go:256.18,258.4 1 1
github.com/go-pkgx/bk/cmd/bk/depgaps.go:259.3,259.85 1 5
github.com/go-pkgx/bk/cmd/bk/depgaps.go:265.42,267.23 2 12
github.com/go-pkgx/bk/cmd/bk/depgaps.go:267.23,268.29 1 20
github.com/go-pkgx/bk/cmd/bk/depgaps.go:268.29,270.4 1 18
github.com/go-pkgx/bk/cmd/bk/depgaps.go:272.2,272.12 1 12
github.com/go-pkgx/bk/cmd/bk/factory.go:43.150,45.3 1 1
github.com/go-pkgx/bk/cmd/bk/factory.go:48.85,50.17 2 2
github.com/go-pkgx/bk/cmd/bk/factory.go:50.17,52.4 1 1
github.com/go-pkgx/bk/cmd/bk/factory.go:53.3,53.48 1 1
github.com/go-pkgx/bk/cmd/bk/factory.go:69.62,92.39 23 52
github.com/go-pkgx/bk/cmd/bk/factory.go:92.39,94.3 1 1
github.com/go-pkgx/bk/cmd/bk/factory.go:95.2,95.21 1 51
github.com/go-pkgx/bk/cmd/bk/factory.go:95.21,98.3 2 1
github.com/go-pkgx/bk/cmd/bk/factory.go:99.2,100.9 2 50
github.com/go-pkgx/bk/cmd/bk/factory.go:100.9,103.3 2 1
github.com/go-pkgx/bk/cmd/bk/factory.go:106.2,108.16 3 49
github.com/go-pkgx/bk/cmd/bk/factory.go:108.16,111.3 2 1
github.com/go-pkgx/bk/cmd/bk/factory.go:115.2,115.33 1 48
github.com/go-pkgx/bk/cmd/bk/factory.go:115.33,117.3 1 1
github.com/go-pkgx/bk/cmd/bk/factory.go:119.2,120.16 2 48
github.com/go-pkgx/bk/cmd/bk/factory.go:120.16,123.3 2 1
github.com/go-pkgx/bk/cmd/bk/factory.go:124.2,129.25 2 47
github.com/go-pkgx/bk/cmd/bk/factory.go:129.25,133.25 1 3
github.com/go-pkgx/bk/cmd/bk/factory.go:133.25,133.52 1 1
github.com/go-pkgx/bk/cmd/bk/factory.go:134.25,134.52 1 1
github.com/go-pkgx/bk/cmd/bk/factory.go:135.18,138.4 2 1
github.com/go-pkgx/bk/cmd/bk/factory.go:141.2,142.16 2 46
github.com/go-pkgx/bk/cmd/bk/factory.go:142.16,145.3 2 1
github.com/go-pkgx/bk/cmd/bk/factory.go:146.2,146.20 1 45
github.com/go-pkgx/bk/cmd/bk/factory.go:146.20,149.3 2 1
github.com/go-pkgx/bk/cmd/bk/factory.go:150.2,152.25 3 44
github.com/go-pkgx/bk/cmd/bk/factory.go:152.25,156.14 4 46
github.com/go-pkgx/bk/cmd/bk/factory.go:156.14,158.4 1 1
github.com/go-pkgx/bk/cmd/bk/factory.go:173.2,174.17 2 44
github.com/go-pkgx/bk/cmd/bk/factory.go:174.17,175.58 1 43
github.com/go-pkgx/bk/cmd/bk/factory.go:175.58,175.85 1 12
github.com/go-pkgx/bk/cmd/bk/factory.go:177.2,177.23 1 44
github.com/go-pkgx/bk/cmd/bk/factory.go:177.23,182.3 1 14
github.com/go-pkgx/bk/cmd/bk/factory.go:183.2,186.47 3 44
github.com/go-pkgx/bk/cmd/bk/factory.go:186.47,188.3 1 43
github.com/go-pkgx/bk/cmd/bk/factory.go:189.2,199.44 5 44
github.com/go-pkgx/bk/cmd/bk/factory.go:199.44,202.3 2 1
github.com/go-pkgx/bk/cmd/bk/factory.go:204.2,215.20 2 43
github.com/go-pkgx/bk/cmd/bk/factory.go:215.20,218.3 2 14
github.com/go-pkgx/bk/cmd/bk/factory.go:220.2,220.28 1 43
github.com/go-pkgx/bk/cmd/bk/factory.go:220.28,221.21 1 50
github.com/go-pkgx/bk/cmd/bk/factory.go:221.21,223.18 2 16
github.com/go-pkgx/bk/cmd/bk/factory.go:223.18,225.13 2 3
github.com/go-pkgx/bk/cmd/bk/factory.go:227.4,227.27 1 13
github.com/go-pkgx/bk/cmd/bk/factory.go:227.27,229.5 1 17
github.com/go-pkgx/bk/cmd/bk/factory.go:230.4,230.12 1 13
github.com/go-pkgx/bk/cmd/bk/factory.go:232.3,234.17 3 34
github.com/go-pkgx/bk/cmd/bk/factory.go:234.17,236.12 2 1
github.com/go-pkgx/bk/cmd/bk/factory.go:238.3,239.17 2 33
github.com/go-pkgx/bk/cmd/bk/factory.go:239.17,241.12 2 1
github.com/go-pkgx/bk/cmd/bk/factory.go:243.3,244.17 2 32
github.com/go-pkgx/bk/cmd/bk/factory.go:244.17,246.12 2 4
github.com/go-pkgx/bk/cmd/bk/factory.go:248.3,249.26 2 28
github.com/go-pkgx/bk/cmd/bk/factory.go:249.26,251.4 1 31
github.com/go-pkgx/bk/cmd/bk/factory.go:254.2,254.75 1 43
github.com/go-pkgx/bk/cmd/bk/factory.go:254.75,256.3 1 1
github.com/go-pkgx/bk/cmd/bk/factory.go:257.2,257.87 1 43
github.com/go-pkgx/bk/cmd/bk/factory.go:257.87,259.3 1 1
github.com/go-pkgx/bk/cmd/bk/factory.go:263.2,263.65 1 43
github.com/go-pkgx/bk/cmd/bk/factory.go:263.65,265.3 1 1
github.com/go-pkgx/bk/cmd/bk/factory.go:266.2,267.26 2 43
github.com/go-pkgx/bk/cmd/bk/factory.go:267.26,269.3 1 15
github.com/go-pkgx/bk/cmd/bk/factory.go:271.2,271.10 1 43
github.com/go-pkgx/bk/cmd/bk/factory.go:315.107,316.16 1 32
github.com/go-pkgx/bk/cmd/bk/factory.go:316.16,318.17 2 4
github.com/go-pkgx/bk/cmd/bk/factory.go:318.17,320.4 1 1
github.com/go-pkgx/bk/cmd/bk/factory.go:321.3,321.26 1 3
github.com/go-pkgx/bk/cmd/bk/factory.go:323.2,324.16 2 28
github.com/go-pkgx/bk/cmd/bk/factory.go:324.16,326.3 1 1
github.com/go-pkgx/bk/cmd/bk/factory.go:327.2,327.19 1 27
github.com/go-pkgx/bk/cmd/bk/factory.go:327.19,329.3 1 1
github.com/go-pkgx/bk/cmd/bk/factory.go:330.2,331.25 2 26
github.com/go-pkgx/bk/cmd/bk/factory.go:331.25,333.3 1 52
github.com/go-pkgx/bk/cmd/bk/factory.go:334.2,334.48 1 26
github.com/go-pkgx/bk/cmd/bk/factory.go:334.48,336.3 1 1
github.com/go-pkgx/bk/cmd/bk/factory.go:337.2,337.31 1 25
github.com/go-pkgx/bk/cmd/bk/factory.go:337.31,339.3 1 20
github.com/go-pkgx/bk/cmd/bk/factory.go:340.2,341.17 2 25
github.com/go-pkgx/bk/cmd/bk/factory.go:358.45,358.84 1 51
github.com/go-pkgx/bk/cmd/bk/factory.go:360.66,362.22 2 31
github.com/go-pkgx/bk/cmd/bk/factory.go:362.22,363.82 1 29
github.com/go-pkgx/bk/cmd/bk/factory.go:364.19,367.79 1 1
github.com/go-pkgx/bk/cmd/bk/factory.go:368.18,371.10 3 2
github.com/go-pkgx/bk/cmd/bk/factory.go:375.2,380.16 6 29
github.com/go-pkgx/bk/cmd/bk/factory.go:380.16,383.3 2 1
github.com/go-pkgx/bk/cmd/bk/factory.go:384.2,384.26 1 28
github.com/go-pkgx/bk/cmd/bk/factory.go:384.26,387.3 2 1
github.com/go-pkgx/bk/cmd/bk/factory.go:391.2,397.16 2 27
github.com/go-pkgx/bk/cmd/bk/factory.go:397.16,400.3 2 1
github.com/go-pkgx/bk/cmd/bk/factory.go:401.2,403.77 3 26
github.com/go-pkgx/bk/cmd/bk/factory.go:411.93,413.16 2 23
github.com/go-pkgx/bk/cmd/bk/factory.go:413.16,415.3 1 1
github.com/go-pkgx/bk/cmd/bk/factory.go:416.2,416.18 1 22
github.com/go-pkgx/bk/cmd/bk/factory.go:416.18,418.3 1 1
github.com/go-pkgx/bk/cmd/bk/factory.go:419.2,421.36 3 21
github.com/go-pkgx/bk/cmd/bk/factory.go:421.36,424.3 2 38
github.com/go-pkgx/bk/cmd/bk/factory.go:432.2,432.13 1 21
github.com/go-pkgx/bk/cmd/bk/factory.go:432.13,434.3 1 7
github.com/go-pkgx/bk/cmd/bk/factory.go:444.2,444.16 1 21
github.com/go-pkgx/bk/cmd/bk/factory.go:444.16,445.51 1 2
github.com/go-pkgx/bk/cmd/bk/factory.go:445.51,447.4 1 1
github.com/go-pkgx/bk/cmd/bk/factory.go:448.3,448.119 1 1
github.com/go-pkgx/bk/cmd/bk/factory.go:450.2,450.48 1 19
github.com/go-pkgx/bk/cmd/bk/factory.go:450.48,452.3 1 1
github.com/go-pkgx/bk/cmd/bk/factory.go:453.2,453.31 1 18
github.com/go-pkgx/bk/cmd/bk/factory.go:453.31,455.3 1 5
github.com/go-pkgx/bk/cmd/bk/factory.go:456.2,456.49 1 18
github.com/go-pkgx/bk/cmd/bk/factory.go:456.49,458.3 1 2
github.com/go-pkgx/bk/cmd/bk/factory.go:459.2,460.17 2 16
github.com/go-pkgx/bk/cmd/bk/factory.go:465.64,467.25 2 20
github.com/go-pkgx/bk/cmd/bk/factory.go:467.25,468.14 1 30
github.com/go-pkgx/bk/cmd/bk/factory.go:468.14,470.4 1 26
github.com/go-pkgx/bk/cmd/bk/factory.go:472.2,472.12 1 20
github.com/go-pkgx/bk/cmd/bk/factory.go:483.53,484.34 1 57
github.com/go-pkgx/bk/cmd/bk/factory.go:484.34,486.3 1 6
github.com/go-pkgx/bk/cmd/bk/factory.go:487.2,487.15 1 51
github.com/go-pkgx/bk/cmd/bk/factory.go:490.65,492.16 2 52
github.com/go-pkgx/bk/cmd/bk/factory.go:492.16,494.3 1 39
github.com/go-pkgx/bk/cmd/bk/factory.go:497.2,498.42 2 13
github.com/go-pkgx/bk/cmd/bk/factory.go:498.42,500.3 1 4
github.com/go-pkgx/bk/cmd/bk/factory.go:501.2,502.25 2 13
github.com/go-pkgx/bk/cmd/bk/factory.go:502.25,503.41 1 30
github.com/go-pkgx/bk/cmd/bk/factory.go:503.41,505.4 1 14
github.com/go-pkgx/bk/cmd/bk/factory.go:507.2,507.38 1 13
github.com/go-pkgx/bk/cmd/bk/factory.go:507.38,509.3 1 12
github.com/go-pkgx/bk/cmd/bk/factory.go:515.2,515.41 1 13
github.com/go-pkgx/bk/cmd/bk/factory.go:515.41,518.3 1 2
github.com/go-pkgx/bk/cmd/bk/factory.go:519.2,519.12 1 13
github.com/go-pkgx/bk/cmd/bk/factory.go:524.35,527.2 2 10
github.com/go-pkgx/bk/cmd/bk/factory.go:531.47,533.22 2 17
github.com/go-pkgx/bk/cmd/bk/factory.go:533.22,534.82 1 16
github.com/go-pkgx/bk/cmd/bk/factory.go:535.19,536.79 1 1
github.com/go-pkgx/bk/cmd/bk/factory.go:537.18,540.10 3 1
github.com/go-pkgx/bk/cmd/bk/factory.go:543.2,544.16 2 16
github.com/go-pkgx/bk/cmd/bk/factory.go:544.16,547.3 2 1
github.com/go-pkgx/bk/cmd/bk/factory.go:550.2,551.48 2 15
github.com/go-pkgx/bk/cmd/bk/factory.go:551.48,554.3 2 1
github.com/go-pkgx/bk/cmd/bk/factory.go:555.2,556.56 2 14
github.com/go-pkgx/bk/cmd/bk/factory.go:556.56,559.3 2 1
github.com/go-pkgx/bk/cmd/bk/factory.go:560.2,565.16 2 13
github.com/go-pkgx/bk/cmd/bk/factory.go:565.16,568.3 2 1
github.com/go-pkgx/bk/cmd/bk/factory.go:569.2,571.77 3 12
github.com/go-pkgx/bk/cmd/bk/factory.go:575.50,577.25 2 14
github.com/go-pkgx/bk/cmd/bk/factory.go:577.25,579.3 1 6
github.com/go-pkgx/bk/cmd/bk/factory.go:580.2,580.25 1 14
github.com/go-pkgx/bk/cmd/bk/factory.go:580.25,581.15 1 15
github.com/go-pkgx/bk/cmd/bk/factory.go:581.15,584.4 2 10
github.com/go-pkgx/bk/cmd/bk/factory.go:586.2,586.13 1 14
github.com/go-pkgx/bk/cmd/bk/factory.go:594.35,596.47 2 15
github.com/go-pkgx/bk/cmd/bk/factory.go:596.47,598.3 1 1
github.com/go-pkgx/bk/cmd/bk/factory.go:602.60,604.2 1 14
github.com/go-pkgx/bk/cmd/bk/factory.go:607.81,608.15 1 15
github.com/go-pkgx/bk/cmd/bk/factory.go:608.15,610.3 1 8
github.com/go-pkgx/bk/cmd/bk/factory.go:611.2,614.12 4 15
github.com/go-pkgx/bk/cmd/bk/factory.go:627.54,628.47 1 51
github.com/go-pkgx/bk/cmd/bk/factory.go:628.47,630.3 1 5
github.com/go-pkgx/bk/cmd/bk/factory.go:631.2,631.17 1 46
github.com/go-pkgx/bk/cmd/bk/factory.go:636.58,637.38 1 47
github.com/go-pkgx/bk/cmd/bk/factory.go:637.38,639.3 1 44
github.com/go-pkgx/bk/cmd/bk/factory.go:640.2,641.16 2 3
github.com/go-pkgx/bk/cmd/bk/factory.go:641.16,643.3 1 1
github.com/go-pkgx/bk/cmd/bk/factory.go:644.2,645.57 2 2
github.com/go-pkgx/bk/cmd/bk/factory.go:645.57,646.74 1 7
github.com/go-pkgx/bk/cmd/bk/factory.go:646.74,648.4 1 1
github.com/go-pkgx/bk/cmd/bk/factory.go:650.2,650.17 1 2
github.com/go-pkgx/bk/cmd/bk/factory.go:655.60,656.16 1 48
github.com/go-pkgx/bk/cmd/bk/factory.go:656.16,658.3 1 2
github.com/go-pkgx/bk/cmd/bk/factory.go:659.2,659.44 1 46
github.com/go-pkgx/bk/cmd/bk/factory.go:659.44,661.3 1 1
github.com/go-pkgx/bk/cmd/bk/factory.go:662.2,662.17 1 45
github.com/go-pkgx/bk/cmd/bk/factory.go:668.30,669.42 1 45
github.com/go-pkgx/bk/cmd/bk/factory.go:669.42,671.3 1 44
github.com/go-pkgx/bk/cmd/bk/factory.go:672.2,672.20 1 1
github.com/go-pkgx/bk/cmd/bk/factory.go:676.29,678.25 2 123
github.com/go-pkgx/bk/cmd/bk/factory.go:678.25,680.3 1 121
github.com/go-pkgx/bk/cmd/bk/factory.go:681.2,681.10 1 2
github.com/go-pkgx/bk/cmd/bk/factory.go:694.51,697.6 3 11
github.com/go-pkgx/bk/cmd/bk/factory.go:697.6,699.12 2 17
github.com/go-pkgx/bk/cmd/bk/factory.go:699.12,700.9 1 11
github.com/go-pkgx/bk/cmd/bk/factory.go:702.3,703.47 2 6
github.com/go-pkgx/bk/cmd/bk/factory.go:705.2,705.15 1 11
github.com/go-pkgx/bk/cmd/bk/factory.go:708.40,710.26 2 6
github.com/go-pkgx/bk/cmd/bk/factory.go:710.26,712.3 1 2
github.com/go-pkgx/bk/cmd/bk/factory.go:716.36,718.21 2 3
github.com/go-pkgx/bk/cmd/bk/factory.go:718.21,720.3 1 1
github.com/go-pkgx/bk/cmd/bk/factory.go:721.2,721.34 1 3
github.com/go-pkgx/bk/cmd/bk/factory.go:727.34,728.14 1 49
github.com/go-pkgx/bk/cmd/bk/factory.go:729.20,730.36 1 2
github.com/go-pkgx/bk/cmd/bk/factory.go:731.21,732.37 1 45
github.com/go-pkgx/bk/cmd/bk/factory.go:733.10,734.66 1 2
github.com/go-pkgx/bk/cmd/bk/factory.go:736.2,736.12 1 47
github.com/go-pkgx/bk/cmd/bk/factory.go:753.79,755.25 2 7
github.com/go-pkgx/bk/cmd/bk/factory.go:755.25,757.3 1 16
github.com/go-pkgx/bk/cmd/bk/factory.go:758.2,759.44 2 7
github.com/go-pkgx/bk/cmd/bk/factory.go:759.44,760.21 1 14
github.com/go-pkgx/bk/cmd/bk/factory.go:760.21,761.12 1 7
github.com/go-pkgx/bk/cmd/bk/factory.go:763.3,764.17 2 7
github.com/go-pkgx/bk/cmd/bk/factory.go:764.17,769.12 2 1
github.com/go-pkgx/bk/cmd/bk/factory.go:771.3,771.24 1 6
github.com/go-pkgx/bk/cmd/bk/factory.go:771.24,772.20 1 16
github.com/go-pkgx/bk/cmd/bk/factory.go:772.20,775.5 2 4
github.com/go-pkgx/bk/cmd/bk/factory.go:778.2,778.38 1 7
github.com/go-pkgx/bk/cmd/bk/factory.go:778.38,778.80 1 15
github.com/go-pkgx/bk/cmd/bk/factory.go:779.2,779.12 1 7
github.com/go-pkgx/bk/cmd/bk/factory.go:783.40,783.88 1 15
github.com/go-pkgx/bk/cmd/bk/fixshebangs.go:42.55,43.28 1 5
github.com/go-pkgx/bk/cmd/bk/fixshebangs.go:43.28,45.43 2 13
github.com/go-pkgx/bk/cmd/bk/fixshebangs.go:45.43,46.12 1 2
github.com/go-pkgx/bk/cmd/bk/fixshebangs.go:48.3,49.17 2 11
github.com/go-pkgx/bk/cmd/bk/fixshebangs.go:49.17,50.12 1 1
github.com/go-pkgx/bk/cmd/bk/fixshebangs.go:54.3,54.56 1 10
github.com/go-pkgx/bk/cmd/bk/fixshebangs.go:54.56,55.12 1 3
github.com/go-pkgx/bk/cmd/bk/fixshebangs.go:59.3,60.47 2 7
github.com/go-pkgx/bk/cmd/bk/fixshebangs.go:60.47,62.4 1 6
github.com/go-pkgx/bk/cmd/bk/fixshebangs.go:65.3,66.57 2 7
github.com/go-pkgx/bk/cmd/bk/fixshebangs.go:66.57,68.4 1 2
github.com/go-pkgx/bk/cmd/bk/fixshebangs.go:72.3,72.37 1 7
github.com/go-pkgx/bk/cmd/bk/fixshebangs.go:72.37,75.4 2 1
github.com/go-pkgx/bk/cmd/bk/fixshebangs.go:77.3,77.52 1 6
github.com/go-pkgx/bk/cmd/bk/fixshebangs.go:77.52,78.12 1 2
github.com/go-pkgx/bk/cmd/bk/fixshebangs.go:81.3,89.62 8 4
github.com/go-pkgx/bk/cmd/bk/fixshebangs.go:89.62,92.4 2 1
github.com/go-pkgx/bk/cmd/bk/fixshebangs.go:94.2,94.10 1 3
github.com/go-pkgx/bk/cmd/bk/indexrepair.go:38.81,39.34 1 48
github.com/go-pkgx/bk/cmd/bk/indexrepair.go:39.34,41.3 1 19
github.com/go-pkgx/bk/cmd/bk/indexrepair.go:42.2,43.16 2 29
github.com/go-pkgx/bk/cmd/bk/indexrepair.go:43.16,46.3 2 1
github.com/go-pkgx/bk/cmd/bk/indexrepair.go:47.2,48.25 2 28
github.com/go-pkgx/bk/cmd/bk/indexrepair.go:48.25,50.17 2 43
github.com/go-pkgx/bk/cmd/bk/indexrepair.go:50.17,52.12 2 36
github.com/go-pkgx/bk/cmd/bk/indexrepair.go:54.3,54.9 1 7
github.com/go-pkgx/bk/cmd/bk/indexrepair.go:54.9,57.4 2 3
github.com/go-pkgx/bk/cmd/bk/indexrepair.go:59.2,59.17 1 28
github.com/go-pkgx/bk/cmd/bk/indexrepair.go:64.60,64.96 1 24
github.com/go-pkgx/bk/cmd/bk/main.go:43.25,45.9 2 9
github.com/go-pkgx/bk/cmd/bk/main.go:45.9,47.3 1 1
github.com/go-pkgx/bk/cmd/bk/main.go:48.2,62.81 7 8
github.com/go-pkgx/bk/cmd/bk/main.go:67.13,73.35 2 7
github.com/go-pkgx/bk/cmd/bk/main.go:74.25,76.9 2 1
github.com/go-pkgx/bk/cmd/bk/main.go:77.18,79.9 2 1
github.com/go-pkgx/bk/cmd/bk/main.go:80.24,82.9 2 1
github.com/go-pkgx/bk/cmd/bk/main.go:83.24,85.9 2 1
github.com/go-pkgx/bk/cmd/bk/main.go:86.32,88.9 2 1
github.com/go-pkgx/bk/cmd/bk/main.go:94.2,94.47 1 2
github.com/go-pkgx/bk/cmd/bk/main.go:94.47,97.3 2 1
github.com/go-pkgx/bk/cmd/bk/main.go:98.2,98.48 1 1
github.com/go-pkgx/bk/cmd/bk/main.go:101.55,105.39 4 50
github.com/go-pkgx/bk/cmd/bk/main.go:105.39,107.3 1 2
github.com/go-pkgx/bk/cmd/bk/main.go:108.2,108.21 1 48
github.com/go-pkgx/bk/cmd/bk/main.go:108.21,110.3 1 4
github.com/go-pkgx/bk/cmd/bk/main.go:111.2,112.20 2 48
github.com/go-pkgx/bk/cmd/bk/main.go:112.20,115.3 2 1
github.com/go-pkgx/bk/cmd/bk/main.go:117.2,118.16 2 47
github.com/go-pkgx/bk/cmd/bk/main.go:118.16,121.3 2 1
github.com/go-pkgx/bk/cmd/bk/main.go:123.2,123.17 1 46
github.com/go-pkgx/bk/cmd/bk/main.go:124.16,126.11 2 2
github.com/go-pkgx/bk/cmd/bk/main.go:127.15,128.20 1 4
github.com/go-pkgx/bk/cmd/bk/main.go:128.20,131.4 2 1
github.com/go-pkgx/bk/cmd/bk/main.go:132.3,136.29 1 3
github.com/go-pkgx/bk/cmd/bk/main.go:136.29,136.56 1 1
github.com/go-pkgx/bk/cmd/bk/main.go:138.3,138.17 1 3
github.com/go-pkgx/bk/cmd/bk/main.go:138.17,141.4 2 1
github.com/go-pkgx/bk/cmd/bk/main.go:142.3,142.11 1 2
github.com/go-pkgx/bk/cmd/bk/main.go:143.18,144.47 1 6
github.com/go-pkgx/bk/cmd/bk/main.go:145.15,146.44 1 12
github.com/go-pkgx/bk/cmd/bk/main.go:147.17,148.46 1 17
github.com/go-pkgx/bk/cmd/bk/main.go:149.17,150.46 1 1
github.com/go-pkgx/bk/cmd/bk/main.go:151.17,152.46 1 1
github.com/go-pkgx/bk/cmd/bk/main.go:153.17,154.46 1 1
github.com/go-pkgx/bk/cmd/bk/main.go:155.17,156.46 1 1
github.com/go-pkgx/bk/cmd/bk/main.go:157.10,159.11 2 1
github.com/go-pkgx/bk/cmd/bk/publish.go:41.56,41.80 1 19
github.com/go-pkgx/bk/cmd/bk/publish.go:42.63,42.82 1 18
github.com/go-pkgx/bk/cmd/bk/publish.go:44.176,46.17 2 4
github.com/go-pkgx/bk/cmd/bk/publish.go:46.17,48.4 1 1
github.com/go-pkgx/bk/cmd/bk/publish.go:52.3,52.96 1 3
github.com/go-pkgx/bk/cmd/bk/publish.go:70.76,72.28 2 15
github.com/go-pkgx/bk/cmd/bk/publish.go:72.28,74.17 2 2
github.com/go-pkgx/bk/cmd/bk/publish.go:74.17,76.4 1 1
github.com/go-pkgx/bk/cmd/bk/publish.go:77.3,77.9 1 1
github.com/go-pkgx/bk/cmd/bk/publish.go:78.8,80.17 2 13
github.com/go-pkgx/bk/cmd/bk/publish.go:80.17,82.4 1 1
github.com/go-pkgx/bk/cmd/bk/publish.go:83.3,84.9 2 12
github.com/go-pkgx/bk/cmd/bk/publish.go:86.2,89.6 4 13
github.com/go-pkgx/bk/cmd/bk/publish.go:89.6,91.20 2 29
github.com/go-pkgx/bk/cmd/bk/publish.go:91.20,92.9 1 11
github.com/go-pkgx/bk/cmd/bk/publish.go:94.3,94.17 1 18
github.com/go-pkgx/bk/cmd/bk/publish.go:94.17,96.4 1 1
github.com/go-pkgx/bk/cmd/bk/publish.go:97.3,98.10 2 17
github.com/go-pkgx/bk/cmd/bk/publish.go:99.60,100.42 1 2
github.com/go-pkgx/bk/cmd/bk/publish.go:101.79,103.18 2 11
github.com/go-pkgx/bk/cmd/bk/publish.go:103.18,105.5 1 1
github.com/go-pkgx/bk/cmd/bk/publish.go:106.4,106.20 1 10
github.com/go-pkgx/bk/cmd/bk/publish.go:109.2,110.9 2 11
github.com/go-pkgx/bk/cmd/bk/publish.go:110.9,112.3 1 4
github.com/go-pkgx/bk/cmd/bk/publish.go:113.2,113.9 1 11
github.com/go-pkgx/bk/cmd/bk/publish.go:113.9,115.3 1 3
github.com/go-pkgx/bk/cmd/bk/publish.go:117.2,118.16 2 8
github.com/go-pkgx/bk/cmd/bk/publish.go:118.16,120.3 1 1
github.com/go-pkgx/bk/cmd/bk/publish.go:121.2,122.42 2 7
github.com/go-pkgx/bk/cmd/bk/publish.go:122.42,125.3 2 1
github.com/go-pkgx/bk/cmd/bk/publish.go:126.2,127.40 2 6
github.com/go-pkgx/bk/cmd/bk/publish.go:132.36,134.2 1 7
github.com/go-pkgx/bk/cmd/bk/publish.go:139.62,148.38 9 17
github.com/go-pkgx/bk/cmd/bk/publish.go:148.38,150.3 1 1
github.com/go-pkgx/bk/cmd/bk/publish.go:151.2,151.87 1 16
github.com/go-pkgx/bk/cmd/bk/publish.go:151.87,154.3 2 2
github.com/go-pkgx/bk/cmd/bk/publish.go:155.2,156.9 2 14
github.com/go-pkgx/bk/cmd/bk/publish.go:156.9,159.3 2 1
github.com/go-pkgx/bk/cmd/bk/publish.go:160.2,161.20 2 13
github.com/go-pkgx/bk/cmd/bk/publish.go:161.20,163.17 2 3
github.com/go-pkgx/bk/cmd/bk/publish.go:163.17,166.4 2 2
github.com/go-pkgx/bk/cmd/bk/publish.go:167.3,167.9 1 1
github.com/go-pkgx/bk/cmd/bk/publish.go:169.2,172.17 1 11
github.com/go-pkgx/bk/cmd/bk/publish.go:172.17,175.3 2 4
github.com/go-pkgx/bk/cmd/bk/publish.go:176.2,177.15 2 7
github.com/go-pkgx/bk/cmd/bk/publish.go:177.15,179.3 1 1
github.com/go-pkgx/bk/cmd/bk/publish.go:180.2,181.10 2 7
github.com/go-pkgx/bk/cmd/bk/publish.go:185.57,187.16 2 5
github.com/go-pkgx/bk/cmd/bk/publish.go:187.16,189.3 1 2
github.com/go-pkgx/bk/cmd/bk/publish.go:190.2,190.39 1 3
github.com/go-pkgx/bk/cmd/bk/publish.go:217.74,219.16 2 14
github.com/go-pkgx/bk/cmd/bk/publish.go:219.16,221.3 1 1
github.com/go-pkgx/bk/cmd/bk/publish.go:225.2,226.9 2 13
github.com/go-pkgx/bk/cmd/bk/publish.go:227.50,228.24 1 2
github.com/go-pkgx/bk/cmd/bk/publish.go:229.51,230.25 1 1
github.com/go-pkgx/bk/cmd/bk/publish.go:236.2,237.19 2 13
github.com/go-pkgx/bk/cmd/bk/publish.go:237.19,239.3 1 13
github.com/go-pkgx/bk/cmd/bk/publish.go:240.2,241.16 2 13
github.com/go-pkgx/bk/cmd/bk/publish.go:241.16,243.3 1 1
github.com/go-pkgx/bk/cmd/bk/publish.go:244.2,246.9 3 12
github.com/go-pkgx/bk/cmd/bk/publish.go:247.40,252.17 2 2
github.com/go-pkgx/bk/cmd/bk/publish.go:252.17,254.4 1 1
github.com/go-pkgx/bk/cmd/bk/publish.go:255.3,255.71 1 1
github.com/go-pkgx/bk/cmd/bk/publish.go:256.21,259.99 1 2
github.com/go-pkgx/bk/cmd/bk/publish.go:261.2,262.16 2 11
github.com/go-pkgx/bk/cmd/bk/publish.go:262.16,264.3 1 1
github.com/go-pkgx/bk/cmd/bk/publish.go:265.2,265.23 1 10
github.com/go-pkgx/bk/cmd/bk/publish.go:272.57,273.51 1 124
github.com/go-pkgx/bk/cmd/bk/publish.go:273.51,275.3 1 119
github.com/go-pkgx/bk/cmd/bk/publish.go:276.2,276.60 1 5
github.com/go-pkgx/bk/cmd/bk/publish.go:282.154,289.16 6 20
github.com/go-pkgx/bk/cmd/bk/publish.go:289.16,291.3 1 1
github.com/go-pkgx/bk/cmd/bk/publish.go:292.2,301.16 3 19
github.com/go-pkgx/bk/cmd/bk/publish.go:301.16,303.3 1 1
github.com/go-pkgx/bk/cmd/bk/publish.go:304.2,308.15 2 18
github.com/go-pkgx/bk/cmd/bk/publish.go:308.15,310.17 2 3
github.com/go-pkgx/bk/cmd/bk/publish.go:310.17,312.4 1 1
github.com/go-pkgx/bk/cmd/bk/publish.go:313.3,318.5 1 2
github.com/go-pkgx/bk/cmd/bk/publish.go:320.2,320.18 1 17
github.com/go-pkgx/bk/cmd/bk/publish.go:328.28,329.50 1 17
github.com/go-pkgx/bk/cmd/bk/publish.go:329.50,330.56 1 3
github.com/go-pkgx/bk/cmd/bk/publish.go:330.56,332.4 1 2
github.com/go-pkgx/bk/cmd/bk/publish.go:334.2,334.22 1 15
github.com/go-pkgx/bk/cmd/bk/publish.go:338.58,340.29 2 69
github.com/go-pkgx/bk/cmd/bk/publish.go:340.29,342.3 1 5
github.com/go-pkgx/bk/cmd/bk/publish.go:343.2,343.29 1 64
github.com/go-pkgx/bk/cmd/bk/publish.go:354.61,355.42 1 19
github.com/go-pkgx/bk/cmd/bk/publish.go:355.42,357.3 1 17
github.com/go-pkgx/bk/cmd/bk/publish.go:358.2,358.89 1 2
github.com/go-pkgx/bk/cmd/bk/pythonvenv.go:32.88,38.2 5 2
github.com/go-pkgx/bk/cmd/bk/pythonvenv.go:53.61,61.59 7 12
github.com/go-pkgx/bk/cmd/bk/pythonvenv.go:61.59,63.3 1 3
github.com/go-pkgx/bk/cmd/bk/pythonvenv.go:67.2,67.72 1 9
github.com/go-pkgx/bk/cmd/bk/pythonvenv.go:67.72,68.53 1 8
github.com/go-pkgx/bk/cmd/bk/pythonvenv.go:68.53,70.4 1 1
github.com/go-pkgx/bk/cmd/bk/pythonvenv.go:73.2,74.53 2 8
github.com/go-pkgx/bk/cmd/bk/pythonvenv.go:74.53,76.3 1 1
github.com/go-pkgx/bk/cmd/bk/pythonvenv.go:77.2,78.114 2 7
github.com/go-pkgx/bk/cmd/bk/pythonvenv.go:78.114,80.3 1 1
github.com/go-pkgx/bk/cmd/bk/pythonvenv.go:82.2,83.51 2 6
github.com/go-pkgx/bk/cmd/bk/pythonvenv.go:83.51,85.3 1 1
github.com/go-pkgx/bk/cmd/bk/pythonvenv.go:86.2,86.84 1 5
github.com/go-pkgx/bk/cmd/bk/pythonvenv.go:86.84,88.3 1 1
github.com/go-pkgx/bk/cmd/bk/pythonvenv.go:90.2,90.23 1 4
github.com/go-pkgx/bk/cmd/bk/pythonvenv.go:90.23,92.3 1 3
github.com/go-pkgx/bk/cmd/bk/pythonvenv.go:93.2,93.12 1 4
github.com/go-pkgx/bk/cmd/bk/pythonvenv.go:97.56,98.19 1 5
github.com/go-pkgx/bk/cmd/bk/pythonvenv.go:98.19,101.3 2 2
github.com/go-pkgx/bk/cmd/bk/pythonvenv.go:102.2,103.16 2 3
github.com/go-pkgx/bk/cmd/bk/pythonvenv.go:103.16,106.3 2 1
github.com/go-pkgx/bk/cmd/bk/pythonvenv.go:107.2,111.16 2 2
github.com/go-pkgx/bk/cmd/bk/pythonvenv.go:111.16,114.3 2 1
github.com/go-pkgx/bk/cmd/bk/pythonvenv.go:115.2,115.10 1 1
github.com/go-pkgx/bk/cmd/bk/pythonvenv.go:120.56,124.33 4 6
github.com/go-pkgx/bk/cmd/bk/pythonvenv.go:124.33,125.10 1 9
github.com/go-pkgx/bk/cmd/bk/pythonvenv.go:126.40,127.17 1 1
github.com/go-pkgx/bk/cmd/bk/pythonvenv.go:128.33,129.19 1 2
github.com/go-pkgx/bk/cmd/bk/pythonvenv.go:130.29,132.63 1 1
github.com/go-pkgx/bk/cmd/bk/pythonvenv.go:132.63,135.5 2 2
github.com/go-pkgx/bk/cmd/bk/pythonvenv.go:136.47,137.68 1 1
github.com/go-pkgx/bk/cmd/bk/pythonvenv.go:138.18,139.17 1 4
github.com/go-pkgx/bk/cmd/bk/pythonvenv.go:142.2,142.15 1 6
github.com/go-pkgx/bk/cmd/bk/pythonvenv.go:142.15,145.3 2 2
github.com/go-pkgx/bk/cmd/bk/pythonvenv.go:146.2,147.16 2 4
github.com/go-pkgx/bk/cmd/bk/pythonvenv.go:147.16,150.3 2 1
github.com/go-pkgx/bk/cmd/bk/pythonvenv.go:152.2,153.21 2 3
github.com/go-pkgx/bk/cmd/bk/pythonvenv.go:153.21,155.3 1 1
github.com/go-pkgx/bk/cmd/bk/pythonvenv.go:156.2,157.12 2 3
github.com/go-pkgx/bk/cmd/bk/pythonvenv.go:157.12,159.3 1 1
github.com/go-pkgx/bk/cmd/bk/pythonvenv.go:160.2,160.14 1 3
github.com/go-pkgx/bk/cmd/bk/pythonvenv.go:160.14,162.3 1 1
github.com/go-pkgx/bk/cmd/bk/pythonvenv.go:163.2,171.16 3 3
github.com/go-pkgx/bk/cmd/bk/pythonvenv.go:171.16,174.3 2 1
github.com/go-pkgx/bk/cmd/bk/pythonvenv.go:175.2,175.10 1 2
github.com/go-pkgx/bk/cmd/bk/pythonvenv.go:180.61,182.16 2 6
github.com/go-pkgx/bk/cmd/bk/pythonvenv.go:182.16,185.3 2 2
github.com/go-pkgx/bk/cmd/bk/pythonvenv.go:186.2,186.19 1 4
github.com/go-pkgx/bk/cmd/bk/pythonvenv.go:186.19,189.3 2 1
github.com/go-pkgx/bk/cmd/bk/pythonvenv.go:190.2,191.51 2 3
github.com/go-pkgx/bk/cmd/bk/pythonvenv.go:191.51,194.3 2 1
github.com/go-pkgx/bk/cmd/bk/pythonvenv.go:195.2,195.91 1 2
github.com/go-pkgx/bk/cmd/bk/pythonvenv.go:195.91,198.3 2 1
github.com/go-pkgx/bk/cmd/bk/pythonvenv.go:199.2,199.10 1 1
github.com/go-pkgx/bk/cmd/bk/pythonvenv.go:204.36,206.16 2 7
github.com/go-pkgx/bk/cmd/bk/pythonvenv.go:206.16,208.3 1 4
github.com/go-pkgx/bk/cmd/bk/pythonvenv.go:209.2,209.28 1 3
github.com/go-pkgx/bk/cmd/bk/pythonvenv.go:209.28,210.16 1 2
github.com/go-pkgx/bk/cmd/bk/pythonvenv.go:210.16,212.4 1 1
github.com/go-pkgx/bk/cmd/bk/pythonvenv.go:212.9,214.4 1 1
github.com/go-pkgx/bk/cmd/bk/pythonvenv.go:216.2,216.20 1 2
github.com/go-pkgx/bk/cmd/bk/versions.go:17.63,21.39 4 6
github.com/go-pkgx/bk/cmd/bk/versions.go:21.39,23.3 1 1
github.com/go-pkgx/bk/cmd/bk/versions.go:24.2,24.19 1 5
github.com/go-pkgx/bk/cmd/bk/versions.go:24.19,27.3 2 1
github.com/go-pkgx/bk/cmd/bk/versions.go:28.2,29.16 2 4
github.com/go-pkgx/bk/cmd/bk/versions.go:29.16,32.3 2 1
github.com/go-pkgx/bk/cmd/bk/versions.go:33.2,34.16 2 3
github.com/go-pkgx/bk/cmd/bk/versions.go:34.16,37.3 2 1
github.com/go-pkgx/bk/cmd/bk/versions.go:38.2,39.16 2 2
github.com/go-pkgx/bk/cmd/bk/versions.go:39.16,42.3 2 1
github.com/go-pkgx/bk/cmd/bk/versions.go:43.2,43.25 1 1
github.com/go-pkgx/bk/cmd/bk/versions.go:43.25,45.3 1 3
github.com/go-pkgx/bk/cmd/bk/versions.go:46.2,46.10 1 1
